batchload("analysis.mac")
============================================================ 
analysis.mac : Multi-Sheeted n-gon Tiling Analysis 
============================================================ 
------------------------------------------------------------ 
RANGE PARAMETERIZATION: 
  N_GON_MIN  = 3   N_GON_MAX = 12   N_GON_STEP = 1 
------------------------------------------------------------ 
[Pentagon] P1: phi^2 - (phi+1) = 0 
[Pentagon] P2: 1/phi - (phi-1) = 0 
[Pentagon] P4: phi*(phi-1) - 1 = 0 
[Pentagon] P6a: phi + psi - 1 = 0   (Vieta: sum of roots of x^2-x-1) 
[Pentagon] P6b: phi*psi + 1 = 0   (Vieta: product of roots) 
[Pentagon] P7: phi^2 + psi^2 - 3 = 0   (trace of phi^2 in Q(sqrt 5)) 
                                       2
[Pentagon] Minimal polynomial of phi: x  - x - 1   value at phi: 0 
                                                            ,  value at psi: 0 
[Pentagon] qnorm(phi) = - 1  (expected -1) 
[Pentagon] qtrace(phi) = 1  (expected 1) 
[Pentagon] Fibonacci-phi identity check (phi^n = F_n phi + F_{n-1}): 
  n = 2 :  diff = 0 
  n = 3 :  diff = 0 
  n = 4 :  diff = 0 
  n = 5 :  diff = 0 
  n = 6 :  diff = 0 
  n = 7 :  diff = 0 
  n = 8 :  diff = 0 
[Pentagon] Binet formula check F_n = (phi^n - psi^n)/sqrt(5): 
  n = 1 : F_n = 1 , Binet = 1 , diff = 0 
  n = 2 : F_n = 1 , Binet = 1 , diff = 0 
  n = 3 : F_n = 2 , Binet = 2 , diff = 0 
  n = 4 : F_n = 3 , Binet = 3 , diff = 0 
  n = 5 : F_n = 5 , Binet = 5 , diff = 0 
  n = 6 : F_n = 8 , Binet = 8 , diff = 0 
  n = 7 : F_n = 13 , Binet = 13 , diff = 0 
  n = 8 : F_n = 21 , Binet = 21 , diff = 0 
------------------------------------------------------------ 
Emergent-dimension framework (n-independent, run once): 
  d_spec(d_eff, d_w=2) - d_eff = 0   (d_w=2 saturates Alexander-Orbach) 
                        2 d_eff
  d/d(d_w)   d_spec = - ------- 
                            2
                         d_w
                       2
  d/d(d_eff) d_spec = --- 
                      d_w
  MSD exponent  2/d_w  at d_w=2.5 = 0.8 
  P_0(t) decay exponent d_spec/2 at d_spec=1.5 = 0.75 
Dimension sanity table: 
  d_eff= 2.5  d_w= 2.0  => d_spec= 2.5   (not sub-diffusive) 
  d_eff= 2.5  d_w= 2.5  => d_spec= 2.0   (sub-diffusive) 
  d_eff= 2.5  d_w= 3.0  => d_spec= 1.666666666666666   (sub-diffusive) 
  d_eff= 2.8  d_w= 3.2  => d_spec= 1.749999999999999   (sub-diffusive) 
  d_eff= 2.2  d_w= 2.4  => d_spec= 1.833333333333333   (sub-diffusive) 
Sierpinski-gasket reference: d_eff= 1.584962500721156  d_w= 2.321928094887362 
                                                      d_spec= 1.36521238897197 
in_paper_regime(2.5, 2.4) = true  (true expected) 
in_paper_regime(2.0, 2.0) = false 
in_paper_regime(2.5, 1.9) = false 
in_paper_regime(3.1, 2.5) = false 
Dimensional flow d_spec(t) interpolator (UV=2.5, IR=1.7): 
  t = 0.1 : d_spec(t) = 2.492039866999334 
  t = 1 : d_spec(t) = 2.423869934428767 
  t = 10 : d_spec(t) = 1.994303552937153 
  t = 100 : d_spec(t) = 1.70003631994381 
------------------------------------------------------------ 
Extended Alexander-Orbach / spectral-dimension analysis: 
  Phase diagram: d_spec = 2*d_eff/d_w on grid 
  (rows = d_eff 1.5..3.5 step 0.5; cols = d_w 1.5..4.0 step 0.5) 
   pad_right("d_eff\\d_w",12) | pad_right("1.5",7) | pad_right("2.0",7) | pad_\
right("2.5",7) | pad_right("3.0",7) | pad_right("3.5",7) | pad_right("4.0",7) 
  -------------+----------+----------+----------+----------+----------+-------\
-- 
   pad_right("1.5",12) | pad_right("2.0",7) | pad_right("1.5",7) | pad_right("\
1.2",7) | pad_right("1.0",7) | pad_right("0.8571428571428571",7) | pad_right("\
0.75",7) 
   pad_right("2.0",12) | pad_right("2.666666666666666",7) | pad_right("2.0",7)\
 | pad_right("1.6",7) | pad_right("1.333333333333333",7) | pad_right("1.142857\
142857142",7) | pad_right("1.0",7) 
   pad_right("2.5",12) | pad_right("3.333333333333333",7) | pad_right("2.5",7)\
 | pad_right("2.0",7) | pad_right("1.666666666666666",7) | pad_right("1.428571\
428571428",7) | pad_right("1.25",7) 
   pad_right("3.0",12) | pad_right("4.0",7) | pad_right("3.0",7) | pad_right("\
2.4",7) | pad_right("2.0",7) | pad_right("1.714285714285714",7) | pad_right("1\
.5",7) 
   pad_right("3.5",12) | pad_right("4.666666666666667",7) | pad_right("3.5",7)\
 | pad_right("2.8",7) | pad_right("2.333333333333333",7) | pad_right("2.0",7) \
| pad_right("1.75",7) 
  Diffusion classification by d_w: 
    d_w = 1.5 -> super-diffusive 
    d_w = 2.0 -> sub-diffusive (anomalous) 
    d_w = 2.5 -> sub-diffusive (anomalous) 
    d_w = 3.0 -> sub-diffusive (anomalous) 
    d_w = 4.0 -> sub-diffusive (anomalous) 
  Return-probability log-log slope (d_s/2) for d_s in {1.0..2.5}: 
    d_s = 1.0   slope = - 0.5   P_0(t=100) = 0.1 
    d_s = 1.2   slope = - 0.6   P_0(t=100) = 0.06309573444801932 
    d_s = 1.5   slope = - 0.75   P_0(t=100) = 0.03162277660168378 
    d_s = 1.7   slope = - 0.85   P_0(t=100) = 0.01995262314968879 
    d_s = 2.0   slope = - 1.0   P_0(t=100) = 0.01 
    d_s = 2.5   slope = - 1.25   P_0(t=100) = 0.003162277660168376 
  Crossover times (UV=2.5, IR=1.7, t0=10): 
    d_eff = 1.8   t_cross = 20.79441541679834 
    d_eff = 2.0   t_cross = 9.80829253011726 
    d_eff = 2.2   t_cross = 4.700036292457351 
    d_eff = 2.4   t_cross = 1.335313926245227 
  DOS integrated weight (B=1, d_s=1.7, Lambda=1) = 1.176470588235294 
  DOS integrated weight (B=1, d_s=2.0, Lambda=1) = 1.0 
------------------------------------------------------------ 
Volume-growth and MSD models (n-independent, run once): 
  Sample r       : [1, 2, 3, 4, 5, 6, 7, 8, 9, 10] 
  Sample V(r)    : [2.5, 14.14213562373095, 38.97114317029973, 80.0, 
139.7542485937369, 220.454076850486, 324.1045356054124, 452.5483399593906, 
607.5, 790.5694150420952] 
  Recovered slope: 2.499999999999999  (expected 2.5) 
  MSD model (D=1, d_w=2.5): 
    t = 1 :  MSD = 1.0 
    t = 10 :  MSD = 6.309573444801934 
    t = 100 :  MSD = 39.81071705534975 
    t = 1000 :  MSD = 251.188643150958 
  P_0(t) model (A=1, d_spec=1.7): 
    t = 1 :  P_0 = 1.0 
    t = 10 :  P_0 = 0.1412537544622754 
    t = 100 :  P_0 = 0.01995262314968879 
    t = 1000 :  P_0 = 0.002818382931264455 
  DOS model (B=1, d_spec=1.7): 
    lambda = 0.001 :  rho = 2.818382931264454 
    lambda = 0.01 :  rho = 1.995262314968879 
    lambda = 0.1 :  rho = 1.412537544622754 
    lambda = 1 :  rho = 1.0 
------------------------------------------------------------ 
Extended volume-growth analysis (n-independent): 
  V(r) = c * r^d_eff for d_eff in {2.0, 2.5, 3.0}, c=1: 
    d_eff = 2.0 : V(r) = [1.0, 4.0, 25.0, 100.0, 400.0, 2500.0, 10000.0] 
    d_eff = 2.5 : V(r) = [1.0, 5.656854249492383, 55.90169943749477, 
            316.2277660168381, 1788.854381999832, 17677.66952966369, 100000.0] 
    d_eff = 3.0 : V(r) = [1.0, 8.0, 125.0, 1000.0, 8000.0, 125000.0, 1000000.0]
                                                                               
  Self-similarity ratio V(2r)/V(r) = 2^d_eff: 
    d_eff = 1.5   ratio = 2.82842712474619 
    d_eff = 2.0   ratio = 4.0 
    d_eff = 2.5   ratio = 5.656854249492383 
    d_eff = 3.0   ratio = 8.0 
  Recovered d_eff from V(5)/V(1) with true d_eff=2.5: 2.500000000000001 
  Recovered d_eff from V(10)/V(2) with true d_eff=2.5: 2.5 
  Lacunarity model Lambda(r) = r^{-d_eff} (d_eff=2.5): 
    r = 1   Lambda = 1.0 
    r = 2   Lambda = 0.1767766952966367 
    r = 5   Lambda = 0.01788854381999831 
    r = 10   Lambda = 0.003162277660168378 
    r = 20   Lambda = 5.590169943749471E-4 
  Monofractal tau(q) = (q-1)*d_eff (d_eff=2.5): 
    q = - 2   tau(q) = - 7.5 
    q = - 1   tau(q) = - 5.0 
    q = 0   tau(q) = - 2.5 
    q = 1   tau(q) = 0.0 
    q = 2   tau(q) = 2.5 
    q = 3   tau(q) = 5.0 
------------------------------------------------------------ 
Spinor / holonomy checks (Z_2, n-independent, run once): 
[Spinor case G = Z_2]: 
  single-loop holonomy = 1  (expected 1, i.e. tau = -1) 
  double-loop holonomy = 0  (expected 0) 
  spinor loop order   = 2  (expected 2 -- double cover) 
------------------------------------------------------------ 
Extended flat-bundle / holonomy analysis (n-independent): 
  Holonomy groups Z_m for m = 2..12: 
    Z_ 2 : generators and orders = [list(0, 1), list(1, 2)] 
    Z_ 3 : generators and orders = [list(0, 1), list(1, 3), list(2, 3)] 
    Z_ 4 : generators and orders = [list(0, 1), list(1, 4), list(2, 2), 
                                                                   list(3, 4)] 
    Z_ 5 : generators and orders = [list(0, 1), list(1, 5), list(2, 5), 
                                                       list(3, 5), list(4, 5)] 
    Z_ 6 : generators and orders = [list(0, 1), list(1, 6), list(2, 3), 
                                           list(3, 2), list(4, 3), list(5, 6)] 
    Z_ 7 : generators and orders = [list(0, 1), list(1, 7), list(2, 7), 
                               list(3, 7), list(4, 7), list(5, 7), list(6, 7)] 
    Z_ 8 : generators and orders = [list(0, 1), list(1, 8), list(2, 4), 
                   list(3, 8), list(4, 2), list(5, 8), list(6, 4), list(7, 8)] 
    Z_ 9 : generators and orders = [list(0, 1), list(1, 9), list(2, 9), 
       list(3, 3), list(4, 9), list(5, 9), list(6, 3), list(7, 9), list(8, 9)] 
    Z_ 10 : generators and orders = [list(0, 1), list(1, 10), list(2, 5), 
list(3, 10), list(4, 5), list(5, 2), list(6, 5), list(7, 10), list(8, 5), 
list(9, 10)] 
    Z_ 11 : generators and orders = [list(0, 1), list(1, 11), list(2, 11), 
list(3, 11), list(4, 11), list(5, 11), list(6, 11), list(7, 11), list(8, 11), 
list(9, 11), list(10, 11)] 
    Z_ 12 : generators and orders = [list(0, 1), list(1, 12), list(2, 6), 
list(3, 4), list(4, 3), list(5, 12), list(6, 2), list(7, 12), list(8, 3), 
list(9, 4), list(10, 6), list(11, 12)] 
  Flat U(1) holonomy phases exp(2 pi i k/n) for n=5: 
    k = 0 : phase = 1  ~ ( 1.0 , 0.0 ) 
                           2 %pi        2 %pi
    k = 1 : phase = %i sin(-----) + cos(-----)  ~ ( 0.3090169943749474 , 
                             5            5
                                                          0.9510565162951535 ) 
                           4 %pi        4 %pi
    k = 2 : phase = %i sin(-----) + cos(-----)  ~ ( - 0.8090169943749473 , 
                             5            5
                                                          0.5877852522924733 ) 
                        4 %pi           4 %pi
    k = 3 : phase = cos(-----) - %i sin(-----)  ~ ( - 0.8090169943749473 , 
                          5               5
                                                        - 0.5877852522924733 ) 
                        2 %pi           2 %pi
    k = 4 : phase = cos(-----) - %i sin(-----)  ~ ( 0.3090169943749474 , 
                          5               5
                                                        - 0.9510565162951535 ) 
  Aharonov-Bohm phases for flux/flux_0 in {0, 1/5, 2/5, 3/5, 4/5, 1}: 
    Phi/Phi_0 = 0 : phase = 1.0 + 0.0 i 
                1
    Phi/Phi_0 = - : phase = 0.3090169943749474 + 0.9510565162951535 i 
                5
                2
    Phi/Phi_0 = - : phase = - 0.8090169943749473 + 0.5877852522924733 i 
                5
                3
    Phi/Phi_0 = - : phase = - 0.8090169943749473 + - 0.5877852522924733 i 
                5
                4
    Phi/Phi_0 = - : phase = 0.3090169943749474 + - 0.9510565162951535 i 
                5
    Phi/Phi_0 = 1 : phase = 1.0 + 0.0 i 
  Monodromy matrices for n = 3, 4, 5, 6: 
                [       - 0.5         - 0.8660254037844386 ]
    n = 3 : M = [                                          ] 
                [ 0.8660254037844386         - 0.5         ]
      M^k = I first at k = 3  (expected 3 ) 
                [ 0.0  - 1.0 ]
    n = 4 : M = [            ] 
                [ 1.0   0.0  ]
      M^k = I first at k = 4  (expected 4 ) 
                [ 0.3090169943749474  - 0.9510565162951535 ]
    n = 5 : M = [                                          ] 
                [ 0.9510565162951535   0.3090169943749474  ]
      M^k = I first at k = 5  (expected 5 ) 
                [        0.5          - 0.8660254037844386 ]
    n = 6 : M = [                                          ] 
                [ 0.8660254037844386          0.5          ]
      M^k = I first at k = 6  (expected 6 ) 
  Berry phases for winding numbers 0..4: 
    w = 0 : gamma_B = 0.0  =  0 * pi 
    w = 1 : gamma_B = 3.141592653589793  =  1 * pi 
    w = 2 : gamma_B = 6.283185307179586  =  2 * pi 
    w = 3 : gamma_B = 9.42477796076938  =  3 * pi 
    w = 4 : gamma_B = 12.56637061435917  =  4 * pi 
  Chern numbers for Z_5 sectors k = 0..4: 
    k = 0 : C = 0  = 0.0 
                1
    k = 1 : C = -  = 0.2 
                5
                2
    k = 2 : C = -  = 0.4 
                5
                3
    k = 3 : C = -  = 0.6 
                5
                4
    k = 4 : C = -  = 0.8 
                5
============================================================ 
BEGIN SWEEP: n = 3 to 12 step 1 
============================================================ 
============================================================ 
N_GON = 3 
============================================================ 
                                    %pi
Interior angle theta = (n-2)*pi/n = ---  = 60.0 deg 
                                     3
                                   2 %pi
Exterior angle = 2*pi/n          = -----  = 120.0 deg 
                                     3
Flat-vertex count k_flat = floor(2*pi/theta) = 6 
Angular deficit at k_flat copies = 0  = 0.0 deg 
                                      %pi
Angular excess at (k_flat+1) copies = ---  = 60.0 deg 
                                       3
Smallest k>0 with k*theta = (integer)*2*pi:  k = 6 ,  accumulating  1 
                                                                    full turns 
------------------------------------------------------------ 
[n =  3 ] Angle summary: 
                            %pi
  Interior angle  theta   = ---  = 1.047197551196597  rad = 60.0  deg 
                             3
                            2 %pi
  Exterior angle          = -----  = 2.094395102393195  rad 
                              3
                            2 %pi
  Central angle           = -----  = 2.094395102393195  rad 
                              3
  Sum of interior angles  = %pi 
                            %pi
  Avg interior angle      = --- 
                             3
[n =  3 ] k-copy vertex-loop accumulation: 
                %pi     1
  k = 1 : sum = ---  =  - * 2pi  --  open 
                 3      6
                2 %pi     1
  k = 2 : sum = -----  =  - * 2pi  --  open 
                  3       3
                        1
  k = 3 : sum = %pi  =  - * 2pi  --  open 
                        2
                4 %pi     2
  k = 4 : sum = -----  =  - * 2pi  --  open 
                  3       3
                5 %pi     5
  k = 5 : sum = -----  =  - * 2pi  --  open 
                  3       6
  k = 6 : sum = 2 %pi  =  1 * 2pi  --  CLOSES 
                7 %pi     7
  k = 7 : sum = -----  =  - * 2pi  --  open 
                  3       6
                8 %pi     4
  k = 8 : sum = -----  =  - * 2pi  --  open 
                  3       3
                          3
  k = 9 : sum = 3 %pi  =  - * 2pi  --  open 
                          2
                 10 %pi     5
  k = 10 : sum = ------  =  - * 2pi  --  open 
                   3        3
                 11 %pi     11
  k = 11 : sum = ------  =  -- * 2pi  --  open 
                   3        6
  k = 12 : sum = 4 %pi  =  2 * 2pi  --  CLOSES 
Smallest k with full closure: k = 6   (number of full turns = 1 ) 
------------------------------------------------------------ 
[n =  3 ] Cyclotomic / roots-of-unity structure: 
                                    2
  x^n - 1 factorization = (x - 1) (x  + x + 1) 
  totient(n) = phi(n)   = 2   (degree of Q[zeta_n] over Q) 
  Real subfield degree  = 1   (degree of Q(zeta + zeta^{-1}) over Q) 
  Sum of all n-th roots (numeric) = 0.0  (expected 0 for n >= 2) 
  Sum of primitive n-th roots (numeric) = - 1.0 ,  Moebius mu(n) = - 1 
  2*cos(2*pi/n) = - 1  = - 1.0 
                               (algebraic integer in real cyclotomic subfield) 
------------------------------------------------------------ 
[n =  3 ] Rotation matrix R (by exterior angle 2*pi/n): 
            [     1      sqrt(3) ]
            [   - -    - ------- ]
            [     2         2    ]
  Symbolic: [                    ] 
            [ sqrt(3)       1    ]
            [ -------     - -    ]
            [    2          2    ]
            [       - 0.5         - 0.8660254037844386 ]
  Numeric : [                                          ] 
            [ 0.8660254037844386         - 0.5         ]
  det(R) = 1  (expected 1) 
  tr(R) = - 1  = 2 cos(2*pi/n) = - 1.0 
                 [ 1.0  0.0 ]
  R^n  numeric = [          ]  (expected I) 
                 [ 0.0  1.0 ]
[n =  3 ] R^k traces (should equal 2 cos(2 pi k/n)): 
  k = 1 : tr(R^k) = - 1.0  ~ 2cos( 1 *2pi/n) = - 1.0 
  k = 2 : tr(R^k) = - 1.0  ~ 2cos( 2 *2pi/n) = - 1.0 
  k = 3 : tr(R^k) = 2.0  ~ 2cos( 3 *2pi/n) = 2.0 
------------------------------------------------------------ 
[n =  3 ] PRIMARY BASIS VECTORS (unit circumradius, 
                            vertex 0 at top, CCW): 
  v[ 0 ] =  [0, 1]  ~  [0.0, 1.0] 
               sqrt(3)    1
  v[ 1 ] =  [- -------, - -]  ~  [- 0.8660254037844386, - 0.5] 
                  2       2
             sqrt(3)    1
  v[ 2 ] =  [-------, - -]  ~  [0.8660254037844386, - 0.5] 
                2       2
[n =  3 ] EDGE VECTORS e[k] = v[k] - v[k-1] (unit circumradius): 
  e[ 1 ] (numeric) =  [- 0.8660254037844386, - 1.5] 
  e[ 2 ] (numeric) =  [1.732050807568877, 0.0] 
  e[ 3 ] (numeric) =  [- 0.8660254037844386, 1.5] 
[n =  3 ] Side length (unit circumradius) s = sqrt(3)  = 1.732050807568877 
------------------------------------------------------------ 
[n =  3 ] Holonomy / spinor cover analysis: 
  Natural single-vortex fiber order = 6 
  Z_n single-vortex holonomy (n = 6 ) : 1 
  Required loop count to close fiber : 6 
[Anyonic case G = Z_n with n = 3 ]: 
  single-vortex holonomy = 1 
  loop order required    = 3  (expected 3 ) 
[n =  3 ] order(g, n) = n/gcd(g, n) check (g = 0..n-1): 
  All g in Z_n satisfy order(g) = n/gcd(g, n). 
[n =  3 ] Composite holonomy: Loop A = 0 , Loop B = 1 , Composite = 1 
                                                               , Sum mod n = 1 
------------------------------------------------------------ 
[n =  3 ] Cut-and-project ambient lattice Z^n: 
  C_n cyclic shift matrix: 
   [ 0  1  0 ]
   [         ]
   [ 0  0  1 ] 
   [         ]
   [ 1  0  0 ]
                       3
  charpoly(C_n) = 1 - x  
  C_n^n = I_n verified. 
  C_n is orthogonal: C_n . C_n^T = I_n. 
  C_n . (1,...,1)^T - (1,...,1)^T = [ 0  0  0 ]  (should be zero) 
  Projectors P_diag, P_perp: idempotent, orthogonal, complete. 
  dim(orthogonal complement of diagonal) = 2  = n - 1 
[n =  3 ] REAL-INVARIANT 2D SUBSPACES V_k of C_n: 
  V_ 1  (rotation angle 2 pi * 1 /n = 2.094395102393195 ): 
    u_ 1  (cos) = [1.0, - 0.5, - 0.5] 
    w_ 1  (sin) = [0.0, 0.8660254037844386, - 0.8660254037844386] 
  Physical 2D plane E_|| recommended = V_1. 
  Perp subspace E_perp = (diagonal) + 0 * 2D pieces + 0 alternating directions 
                                                           =>  dim(E_perp) = 1 
                       2
  ||pi_perp(e_1)||^2 = -  (= (n-1)/n) 
                       3
------------------------------------------------------------ 
[n =  3 ] CA rule-count analysis (degree k = n): 
  Binary outer-totalistic n-neighbor rules = 256  (= 2^ 8 ) 
  Binary fully totalistic n-neighbor rules = 32  (= 2^ 5 ) 
  Binary fully general    n-neighbor rules = 65536  (= 2^(2^ 4 )) 
  Reference: 4-OT = 1024 , 8-OT = 262144 
------------------------------------------------------------ 
[n =  3 ] Polygon geometry (side s = 1): 
                      1
  Circumradius R = -------  ~ 0.5773502691896258 
                   sqrt(3)
                       1
  Apothem      r = ---------  ~ 0.2886751345948129 
                   2 sqrt(3)
  R/r            = 2  = sec(pi/n) = 2.0 
                   sqrt(3)
  Area A         = -------  ~ 0.4330127018922193 
                      4
  Diagonals (k-step chord lengths, unit side): 
    d[ 1 ] = 1  ~ 1.0 
    d[ 2 ] = 1  ~ 1.0 
------------------------------------------------------------ 
[n =  3 ] Dihedral group D_n symmetries: 
                                   [ 0  0 ]
  S0 . R . S0 - R^{-1} (symbolic): [      ] 
                                   [ 0  0 ]
  S R S = R^{-1} verified. 
  |D_n| = 6 
  Conjugacy classes (n odd): 1 + (n-1)/2 + 1 = 3 
                                   (sum of sizes 1 + (n-1)/2 * 2 + n = 6 = 2n) 
  Irrep dim^2 sum (n odd): 2 + 2(n-1) = 6 (should = 2n = 6 ) 
------------------------------------------------------------ 
[n =  3 ] Graph Laplacians (star and cycle): 
  Star K_{1, 3 }: spectrum = {0, 1 (multiplicity 2 ), 4 } 
  Spectral gap = 1 (positive => connected). 
  Cycle C_ 3  Laplacian eigenvalues = 2 - 2 cos(2 pi k/n): 
   [0.0, 3.0, 3.0] 
  Spectral gap of C_ 3  = 3.0 
  [n = 3 ] iteration complete. 
------------------------------------------------------------ 
[n =  3 ] Inflation / substitution system: 
                          [ 1  0 ]
  Substitution matrix M = [      ] 
                          [ 0  1 ]
  Initial vector v0 = [ 1  0 ] 
  depth = 1 : tile counts = [ 1  0 ]   total = 1 
  depth = 2 : tile counts = [ 1  0 ]   total = 1 
  depth = 3 : tile counts = [ 1  0 ]   total = 1 
  depth = 4 : tile counts = [ 1  0 ]   total = 1 
  depth = 5 : tile counts = [ 1  0 ]   total = 1 
  depth = 6 : tile counts = [ 1  0 ]   total = 1 
  Perron-Frobenius eigenvalue (inflation ratio) = 1 
  Tile-count growth rates (ratio at successive depths): 
   [1.0, 1.0, 1.0, 1.0, 1.0] 
  Converging to PF eigenvalue: 1 
------------------------------------------------------------ 
[n =  3 ] Zeta functions and L-series: 
  Partial Riemann zeta(2) ( 40  terms) = 1.620243963006935   (exact pi^2/6 = 
                                                           1.644934066848226 ) 
  Partial Riemann zeta(3) ( 40  terms) = 1.201752118023676 
                                                    (Apery's constant ~ 1.202) 
  Partial Dedekind zeta_{Q(sqrt5)}(2) (primes <= 30) = 1.153470439104993 
  Partial Dedekind zeta_{Q(sqrt5)}(3) (primes <= 30) = 1.027407641683453 
  Ratio zeta_{Q(sqrt5)}(2) / zeta(2)^2 ~ (class number factor): 
    = 0.4393854233642092 
  Partial L(2, chi_5) ( 40  terms) = 0.7061989804245805 
  Partial L(3, chi_5) ( 40  terms) = 0.8548243026978557 
  Exact L(2, chi_5) = pi^2 / (5 sqrt(5)) ~ 0.8827642540746761 
  Functional equation (numerical check at s=0.7): 
    L(0.7) = 0.3154812660944506   L(0.3) = 0.140960360039939   ratio = 
                                                             2.238084990738273 
  Spectral zeta of C_ 3  at s=2: 0.2222222222222222 
  Spectral zeta of C_ 3  at s=3: 0.07407407407407407 
------------------------------------------------------------ 
[n =  3 ] Diffusion kernel and heat trace: 
  Heat trace Tr(e^{-t L}) for cycle C_ 3 : 
    t = 0.01 :  Tr = 2.940891067097016 
    t = 0.1 :  Tr = 2.481636441363435 
    t = 0.5 :  Tr = 1.446260320296859 
    t = 1.0 :  Tr = 1.099574136735727 
    t = 2.0 :  Tr = 1.004957504353332 
    t = 5.0 :  Tr = 1.000000611804641 
    t = 10.0 :  Tr = 1.000000000000187 
    t = 50.0 :  Tr = 1.0 
  Heat trace Tr(e^{-t L}) for star K_{1, 3 }: 
    t = 0.01 :  Tr = 3.940889106650659 
    t = 0.1 :  Tr = 3.479994882107558 
    t = 0.5 :  Tr = 2.348396602661879 
    t = 1.0 :  Tr = 1.754074521231618 
    t = 2.0 :  Tr = 1.271006029101127 
    t = 5.0 :  Tr = 1.013475896059324 
    t = 10.0 :  Tr = 1.000090799859525 
    t = 50.0 :  Tr = 1.0 
  Effective d_s from heat-trace slope (cycle C_ 3 ): 
    t in [ 0.01 , 0.1 ]:  d_s ~ 0.1474815606481602 
    t in [ 0.1 , 0.5 ]:  d_s ~ 0.6709635188581037 
    t in [ 0.5 , 1.0 ]:  d_s ~ 0.7907647514600357 
    t in [ 1.0 , 2.0 ]:  d_s ~ 0.2596207632462062 
    t in [ 2.0 , 5.0 ]:  d_s ~ 0.01079274168129712 
    t in [ 5.0 , 10.0 ]:  d_s ~ 1.765293964155048E-6 
    t in [ 10.0 , 50.0 ]:  d_s ~ 2.323314939985474E-13 
  Short-time heat-trace asymptotics (2D Weyl law): 
    Tr(e^{-tL}) ~ (4 pi t)^{-1} * A + (4 pi t)^{-1/2} * B/6 + ... 
    t = 0.01 :  Weyl leading term = 7.957747154594768 
    t = 0.05 :  Weyl leading term = 1.591549430918953 
    t = 0.1 :  Weyl leading term = 0.7957747154594768 
  Heat kernel K_t(x) on R^2 (Gaussian, d=2): 
    t = 0.1 :  K(0) = 0.7957747154594768   K(1) = 0.0653211664234246   K(2) = 
                                                          3.612811618862161E-5 
    t = 1.0 :  K(0) = 0.07957747154594767   K(1) = 0.06197499715482649   K(2) =
                                                           0.02927491576215958 
    t = 10.0 :  K(0) = 0.007957747154594767   K(1) = 0.007761269677291536 
                                                   K(2) = 0.007200467388746533 
  Spectral zeta of C_ 3  at s=1,2,3: 
    s = 1 :  zeta_L = 0.6666666666666666 
    s = 2 :  zeta_L = 0.2222222222222222 
    s = 3 :  zeta_L = 0.07407407407407407 
------------------------------------------------------------ 
[n =  3 ] Acceptance-window (cut-and-project) geometry: 
  Acceptance window: regular  3 -gon in perp space 
  Unit-cell area A_cell ~ 0.4330127018922193 
  Acceptance densities (rho = window inradius): 
    rho = 0.5 :  density = 3.0 
    rho = 1.0 :  density = 12.0 
    rho = 1.5 :  density = 26.99999999999999 
    rho = 2.0 :  density = 48.00000000000001 
  Window vertices (rho = 1): 
    v[ 0 ] = ( 1.0 , 0.0 ) 
    v[ 1 ] = ( - 0.5 , 0.8660254037844386 ) 
    v[ 2 ] = ( - 0.5 , - 0.8660254037844386 ) 
  Sample acceptance test (rho = 1, grid [-1.5, 1.5]^2, 20 x 20  grid): 
    Points inside window: 60 / 400   fraction = 0.15 
    Expected fraction (A_window/A_box) = 0.5773502691896257 
------------------------------------------------------------ 
[n =  3 ] Substitution sequences and symbolic dynamics: 
  Fibonacci word (substitution a->ab, b->a): 
    depth = 0 : length = 1   word = a 
    depth = 1 : length = 2   word = ab 
    depth = 2 : length = 3   word = aba 
    depth = 3 : length = 5   word = abaab 
    depth = 4 : length = 8   word = abaababa 
    depth = 5 : length = 13   word = abaababaabaab 
    depth = 6 : length = 21   word = abaababaabaababaababa 
  At depth 6 : |a| = 13   |b| = 8   |a|/|b| = 1.625   phi = 1.618033988749895 
  a/b ratio converging to phi: OK 
  Fibonacci word is Sturmian: complexity p(n) = n + 1 
  (minimum complexity for an aperiodic sequence) 
  Thue-Morse sequence (first 16 terms): 
   [0, 1, 1, 0, 1, 0, 0, 1, 1, 0, 0, 1, 0, 1, 1, 0] 
  Rudin-Shapiro sequence (first 16 terms): 
   [1, 1, 1, - 1, 1, 1, - 1, 1, 1, 1, 1, - 1, - 1, - 1, 1, - 1] 
                                 [ 1  1 ]
  Fibonacci substitution matrix: [      ] 
                                 [ 1  0 ]
                              2
  Characteristic polynomial: x  - x - 1 
  Eigenvalues: phi = 1.618033988749895  and psi = - 0.6180339887498949 
                                                        (roots of x^2 - x - 1) 
  PF eigenvalue = 1.618033988749895  (expected phi = 1.618033988749895 ) 
============================================================ 
N_GON = 4 
============================================================ 
                                    %pi
Interior angle theta = (n-2)*pi/n = ---  = 90.0 deg 
                                     2
                                   %pi
Exterior angle = 2*pi/n          = ---  = 90.0 deg 
                                    2
Flat-vertex count k_flat = floor(2*pi/theta) = 4 
Angular deficit at k_flat copies = 0  = 0.0 deg 
                                      %pi
Angular excess at (k_flat+1) copies = ---  = 90.0 deg 
                                       2
Smallest k>0 with k*theta = (integer)*2*pi:  k = 4 ,  accumulating  1 
                                                                    full turns 
------------------------------------------------------------ 
[n =  4 ] Angle summary: 
                            %pi
  Interior angle  theta   = ---  = 1.570796326794896  rad = 90.0  deg 
                             2
                            %pi
  Exterior angle          = ---  = 1.570796326794896  rad 
                             2
                            %pi
  Central angle           = ---  = 1.570796326794896  rad 
                             2
  Sum of interior angles  = 2 %pi 
                            %pi
  Avg interior angle      = --- 
                             2
[n =  4 ] k-copy vertex-loop accumulation: 
                %pi     1
  k = 1 : sum = ---  =  - * 2pi  --  open 
                 2      4
                        1
  k = 2 : sum = %pi  =  - * 2pi  --  open 
                        2
                3 %pi     3
  k = 3 : sum = -----  =  - * 2pi  --  open 
                  2       4
  k = 4 : sum = 2 %pi  =  1 * 2pi  --  CLOSES 
                5 %pi     5
  k = 5 : sum = -----  =  - * 2pi  --  open 
                  2       4
                          3
  k = 6 : sum = 3 %pi  =  - * 2pi  --  open 
                          2
                7 %pi     7
  k = 7 : sum = -----  =  - * 2pi  --  open 
                  2       4
  k = 8 : sum = 4 %pi  =  2 * 2pi  --  CLOSES 
                9 %pi     9
  k = 9 : sum = -----  =  - * 2pi  --  open 
                  2       4
                           5
  k = 10 : sum = 5 %pi  =  - * 2pi  --  open 
                           2
                 11 %pi     11
  k = 11 : sum = ------  =  -- * 2pi  --  open 
                   2        4
  k = 12 : sum = 6 %pi  =  3 * 2pi  --  CLOSES 
Smallest k with full closure: k = 4   (number of full turns = 1 ) 
------------------------------------------------------------ 
[n =  4 ] Cyclotomic / roots-of-unity structure: 
                                            2
  x^n - 1 factorization = (x - 1) (x + 1) (x  + 1) 
  totient(n) = phi(n)   = 2   (degree of Q[zeta_n] over Q) 
  Real subfield degree  = 1   (degree of Q(zeta + zeta^{-1}) over Q) 
  Sum of all n-th roots (numeric) = 0.0  (expected 0 for n >= 2) 
  Sum of primitive n-th roots (numeric) = 0.0 ,  Moebius mu(n) = 0 
  2*cos(2*pi/n) = 0  = 0.0   (algebraic integer in real cyclotomic subfield) 
------------------------------------------------------------ 
[n =  4 ] Rotation matrix R (by exterior angle 2*pi/n): 
            [ 0  - 1 ]
  Symbolic: [        ] 
            [ 1   0  ]
            [ 0.0  - 1.0 ]
  Numeric : [            ] 
            [ 1.0   0.0  ]
  det(R) = 1  (expected 1) 
  tr(R) = 0  = 2 cos(2*pi/n) = 0.0 
                 [ 1.0  0.0 ]
  R^n  numeric = [          ]  (expected I) 
                 [ 0.0  1.0 ]
[n =  4 ] R^k traces (should equal 2 cos(2 pi k/n)): 
  k = 1 : tr(R^k) = 0.0  ~ 2cos( 1 *2pi/n) = 0.0 
  k = 2 : tr(R^k) = - 2.0  ~ 2cos( 2 *2pi/n) = - 2.0 
  k = 3 : tr(R^k) = 0.0  ~ 2cos( 3 *2pi/n) = 0.0 
  k = 4 : tr(R^k) = 2.0  ~ 2cos( 4 *2pi/n) = 2.0 
------------------------------------------------------------ 
[n =  4 ] PRIMARY BASIS VECTORS (unit circumradius, 
                            vertex 0 at top, CCW): 
  v[ 0 ] =  [0, 1]  ~  [0.0, 1.0] 
  v[ 1 ] =  [- 1, 0]  ~  [- 1.0, 0.0] 
  v[ 2 ] =  [0, - 1]  ~  [0.0, - 1.0] 
  v[ 3 ] =  [1, 0]  ~  [1.0, 0.0] 
[n =  4 ] EDGE VECTORS e[k] = v[k] - v[k-1] (unit circumradius): 
  e[ 1 ] (numeric) =  [- 1.0, - 1.0] 
  e[ 2 ] (numeric) =  [1.0, - 1.0] 
  e[ 3 ] (numeric) =  [1.0, 1.0] 
  e[ 4 ] (numeric) =  [- 1.0, 1.0] 
[n =  4 ] Side length (unit circumradius) s = sqrt(2)  = 1.414213562373095 
------------------------------------------------------------ 
[n =  4 ] Holonomy / spinor cover analysis: 
  Natural single-vortex fiber order = 4 
  Z_n single-vortex holonomy (n = 4 ) : 1 
  Required loop count to close fiber : 4 
[Anyonic case G = Z_n with n = 4 ]: 
  single-vortex holonomy = 1 
  loop order required    = 4  (expected 4 ) 
[n =  4 ] order(g, n) = n/gcd(g, n) check (g = 0..n-1): 
  All g in Z_n satisfy order(g) = n/gcd(g, n). 
[n =  4 ] Composite holonomy: Loop A = 3 , Loop B = 3 , Composite = 2 
                                                               , Sum mod n = 2 
------------------------------------------------------------ 
[n =  4 ] Cut-and-project ambient lattice Z^n: 
  C_n cyclic shift matrix: 
   [ 0  1  0  0 ]
   [            ]
   [ 0  0  1  0 ]
   [            ] 
   [ 0  0  0  1 ]
   [            ]
   [ 1  0  0  0 ]
                   4
  charpoly(C_n) = x  - 1 
  C_n^n = I_n verified. 
  C_n is orthogonal: C_n . C_n^T = I_n. 
  C_n . (1,...,1)^T - (1,...,1)^T = [ 0  0  0  0 ]  (should be zero) 
  Projectors P_diag, P_perp: idempotent, orthogonal, complete. 
  dim(orthogonal complement of diagonal) = 3  = n - 1 
[n =  4 ] REAL-INVARIANT 2D SUBSPACES V_k of C_n: 
  V_ 1  (rotation angle 2 pi * 1 /n = 1.570796326794896 ): 
    u_ 1  (cos) = [1.0, 0.0, - 1.0, 0.0] 
    w_ 1  (sin) = [0.0, 1.0, 0.0, - 1.0] 
  alternating-sign eigenvector (eigenvalue -1) = [1, - 1, 1, - 1] 
  Physical 2D plane E_|| recommended = V_1. 
  Perp subspace E_perp = (diagonal) + 0 * 2D pieces + 1 alternating direction 
                                                           =>  dim(E_perp) = 2 
                       3
  ||pi_perp(e_1)||^2 = -  (= (n-1)/n) 
                       4
------------------------------------------------------------ 
[n =  4 ] CA rule-count analysis (degree k = n): 
  Binary outer-totalistic n-neighbor rules = 1024  (= 2^ 10 ) 
  Binary fully totalistic n-neighbor rules = 64  (= 2^ 6 ) 
  Binary fully general    n-neighbor rules = 4294967296  (= 2^(2^ 5 )) 
  Reference: 4-OT = 1024 , 8-OT = 262144 
------------------------------------------------------------ 
[n =  4 ] Polygon geometry (side s = 1): 
                      1
  Circumradius R = -------  ~ 0.7071067811865475 
                   sqrt(2)
                   1
  Apothem      r = -  ~ 0.5 
                   2
  R/r            = sqrt(2)  = sec(pi/n) = 1.414213562373095 
  Area A         = 1  ~ 1.0 
  Diagonals (k-step chord lengths, unit side): 
    d[ 1 ] = 1  ~ 1.0 
    d[ 2 ] = sqrt(2)  ~ 1.414213562373095 
    d[ 3 ] = 1  ~ 1.0 
------------------------------------------------------------ 
[n =  4 ] Dihedral group D_n symmetries: 
                                   [ 0  0 ]
  S0 . R . S0 - R^{-1} (symbolic): [      ] 
                                   [ 0  0 ]
  S R S = R^{-1} verified. 
  |D_n| = 8 
  Conjugacy classes (n even): 1 + (n-2)/2 + 1 + 2 = 5 
                         (sum of sizes 1 + (n-2)/2 * 2 + 1 + 2*(n/2) = 8 = 2n) 
  Irrep dim^2 sum (n even): 4 + 2(n-2) = 8 (should = 2n = 8 ) 
------------------------------------------------------------ 
[n =  4 ] Graph Laplacians (star and cycle): 
  Star K_{1, 4 }: spectrum = {0, 1 (multiplicity 3 ), 5 } 
  Spectral gap = 1 (positive => connected). 
  Cycle C_ 4  Laplacian eigenvalues = 2 - 2 cos(2 pi k/n): 
   [0.0, 2.0, 4.0, 2.0] 
  Spectral gap of C_ 4  = 2.0 
  [n = 4 ] iteration complete. 
------------------------------------------------------------ 
[n =  4 ] Inflation / substitution system: 
                          [ 2  1 ]
  Substitution matrix M = [      ] 
                          [ 1  0 ]
  Initial vector v0 = [ 1  0 ] 
  depth = 1 : tile counts = [ 2  1 ]   total = 3 
  depth = 2 : tile counts = [ 5  2 ]   total = 7 
  depth = 3 : tile counts = [ 12  5 ]   total = 17 
  depth = 4 : tile counts = [ 29  12 ]   total = 41 
  depth = 5 : tile counts = [ 70  29 ]   total = 99 
  depth = 6 : tile counts = [ 169  70 ]   total = 239 
  Perron-Frobenius eigenvalue (inflation ratio) = 2.414213562373095 
  Tile-count growth rates (ratio at successive depths): 
   [2.333333333333333, 2.428571428571428, 2.411764705882353, 
                                         2.414634146341463, 2.414141414141414] 
  Converging to PF eigenvalue: 2.414213562373095 
  Tiles after 1 inflation step: 3 
  Fractal dimension estimate d_f = log(N)/log(lambda) = 1.246477435729816 
------------------------------------------------------------ 
[n =  4 ] Zeta functions and L-series: 
  Partial Riemann zeta(2) ( 40  terms) = 1.620243963006935   (exact pi^2/6 = 
                                                           1.644934066848226 ) 
  Partial Riemann zeta(3) ( 40  terms) = 1.201752118023676 
                                                    (Apery's constant ~ 1.202) 
  Partial Dedekind zeta_{Q(sqrt5)}(2) (primes <= 30) = 1.153470439104993 
  Partial Dedekind zeta_{Q(sqrt5)}(3) (primes <= 30) = 1.027407641683453 
  Ratio zeta_{Q(sqrt5)}(2) / zeta(2)^2 ~ (class number factor): 
    = 0.4393854233642092 
  Partial L(2, chi_5) ( 40  terms) = 0.7061989804245805 
  Partial L(3, chi_5) ( 40  terms) = 0.8548243026978557 
  Exact L(2, chi_5) = pi^2 / (5 sqrt(5)) ~ 0.8827642540746761 
  Functional equation (numerical check at s=0.7): 
    L(0.7) = 0.3154812660944506   L(0.3) = 0.140960360039939   ratio = 
                                                             2.238084990738273 
  Spectral zeta of C_ 4  at s=2: 0.5625 
  Spectral zeta of C_ 4  at s=3: 0.265625 
------------------------------------------------------------ 
[n =  4 ] Diffusion kernel and heat trace: 
  Heat trace Tr(e^{-t L}) for cycle C_ 4 : 
    t = 0.01 :  Tr = 3.921186785765834 
    t = 0.1 :  Tr = 3.307781552191603 
    t = 0.5 :  Tr = 1.871094165579497 
    t = 1.0 :  Tr = 1.288986205361959 
    t = 2.0 :  Tr = 1.03696674040537 
    t = 5.0 :  Tr = 1.000090801920678 
    t = 10.0 :  Tr = 1.000000004122307 
    t = 50.0 :  Tr = 1.0 
  Heat trace Tr(e^{-t L}) for star K_{1, 4 }: 
    t = 0.01 :  Tr = 4.921378925748218 
    t = 0.1 :  Tr = 4.321042913820512 
    t = 0.5 :  Tr = 2.901676977761799 
    t = 1.0 :  Tr = 2.110376270513412 
    t = 2.0 :  Tr = 1.4060512496396 
    t = 5.0 :  Tr = 1.020213841011144 
    t = 10.0 :  Tr = 1.000136199789287 
    t = 50.0 :  Tr = 1.0 
  Effective d_s from heat-trace slope (cycle C_ 4 ): 
    t in [ 0.01 , 0.1 ]:  d_s ~ 0.1477614192914646 
    t in [ 0.1 , 0.5 ]:  d_s ~ 0.7080165806024122 
    t in [ 0.5 , 1.0 ]:  d_s ~ 1.075290684005808 
    t in [ 1.0 , 2.0 ]:  d_s ~ 0.6277344043283197 
    t in [ 2.0 , 5.0 ]:  d_s ~ 0.07903399385722186 
    t in [ 5.0 , 10.0 ]:  d_s ~ 2.619751725833727E-4 
    t in [ 10.0 , 50.0 ]:  d_s ~ 5.122667167202801E-9 
  Short-time heat-trace asymptotics (2D Weyl law): 
    Tr(e^{-tL}) ~ (4 pi t)^{-1} * A + (4 pi t)^{-1/2} * B/6 + ... 
    t = 0.01 :  Weyl leading term = 7.957747154594768 
    t = 0.05 :  Weyl leading term = 1.591549430918953 
    t = 0.1 :  Weyl leading term = 0.7957747154594768 
  Heat kernel K_t(x) on R^2 (Gaussian, d=2): 
    t = 0.1 :  K(0) = 0.7957747154594768   K(1) = 0.0653211664234246   K(2) = 
                                                          3.612811618862161E-5 
    t = 1.0 :  K(0) = 0.07957747154594767   K(1) = 0.06197499715482649   K(2) =
                                                           0.02927491576215958 
    t = 10.0 :  K(0) = 0.007957747154594767   K(1) = 0.007761269677291536 
                                                   K(2) = 0.007200467388746533 
  Spectral zeta of C_ 4  at s=1,2,3: 
    s = 1 :  zeta_L = 1.25 
    s = 2 :  zeta_L = 0.5625 
    s = 3 :  zeta_L = 0.265625 
------------------------------------------------------------ 
[n =  4 ] Acceptance-window (cut-and-project) geometry: 
  Acceptance window: regular  4 -gon in perp space 
  Unit-cell area A_cell ~ 1.0 
  Acceptance densities (rho = window inradius): 
    rho = 0.5 :  density = 1.0 
    rho = 1.0 :  density = 4.0 
    rho = 1.5 :  density = 9.0 
    rho = 2.0 :  density = 16.0 
  Window vertices (rho = 1): 
    v[ 0 ] = ( 1.0 , 0.0 ) 
    v[ 1 ] = ( 0.0 , 1.0 ) 
    v[ 2 ] = ( - 1.0 , 0.0 ) 
    v[ 3 ] = ( 0.0 , - 1.0 ) 
  Sample acceptance test (rho = 1, grid [-1.5, 1.5]^2, 20 x 20  grid): 
    Points inside window: 81 / 400   fraction = 0.2025 
    Expected fraction (A_window/A_box) = 0.4444444444444444 
------------------------------------------------------------ 
[n =  4 ] Substitution sequences and symbolic dynamics: 
  Fibonacci word (substitution a->ab, b->a): 
    depth = 0 : length = 1   word = a 
    depth = 1 : length = 2   word = ab 
    depth = 2 : length = 3   word = aba 
    depth = 3 : length = 5   word = abaab 
    depth = 4 : length = 8   word = abaababa 
    depth = 5 : length = 13   word = abaababaabaab 
    depth = 6 : length = 21   word = abaababaabaababaababa 
  At depth 6 : |a| = 13   |b| = 8   |a|/|b| = 1.625   phi = 1.618033988749895 
  a/b ratio converging to phi: OK 
  Fibonacci word is Sturmian: complexity p(n) = n + 1 
  (minimum complexity for an aperiodic sequence) 
  Thue-Morse sequence (first 16 terms): 
   [0, 1, 1, 0, 1, 0, 0, 1, 1, 0, 0, 1, 0, 1, 1, 0] 
  Rudin-Shapiro sequence (first 16 terms): 
   [1, 1, 1, - 1, 1, 1, - 1, 1, 1, 1, 1, - 1, - 1, - 1, 1, - 1] 
                                 [ 1  1 ]
  Fibonacci substitution matrix: [      ] 
                                 [ 1  0 ]
                              2
  Characteristic polynomial: x  - x - 1 
  Eigenvalues: phi = 1.618033988749895  and psi = - 0.6180339887498949 
                                                        (roots of x^2 - x - 1) 
  PF eigenvalue = 1.618033988749895  (expected phi = 1.618033988749895 ) 
============================================================ 
N_GON = 5 
============================================================ 
                                    3 %pi
Interior angle theta = (n-2)*pi/n = -----  = 108.0 deg 
                                      5
                                   2 %pi
Exterior angle = 2*pi/n          = -----  = 72.0 deg 
                                     5
Flat-vertex count k_flat = floor(2*pi/theta) = 3 
                                   %pi
Angular deficit at k_flat copies = ---  = 36.0 deg 
                                    5
                                      2 %pi
Angular excess at (k_flat+1) copies = -----  = 72.0 deg 
                                        5
Smallest k>0 with k*theta = (integer)*2*pi:  k = 10 ,  accumulating  3 
                                                                    full turns 
------------------------------------------------------------ 
[n =  5 ] Angle summary: 
                            3 %pi
  Interior angle  theta   = -----  = 1.884955592153875  rad = 108.0  deg 
                              5
                            2 %pi
  Exterior angle          = -----  = 1.256637061435917  rad 
                              5
                            2 %pi
  Central angle           = -----  = 1.256637061435917  rad 
                              5
  Sum of interior angles  = 3 %pi 
                            3 %pi
  Avg interior angle      = ----- 
                              5
[n =  5 ] k-copy vertex-loop accumulation: 
                3 %pi     3
  k = 1 : sum = -----  =  -- * 2pi  --  open 
                  5       10
                6 %pi     3
  k = 2 : sum = -----  =  - * 2pi  --  open 
                  5       5
                9 %pi     9
  k = 3 : sum = -----  =  -- * 2pi  --  open 
                  5       10
                12 %pi     6
  k = 4 : sum = ------  =  - * 2pi  --  open 
                  5        5
                          3
  k = 5 : sum = 3 %pi  =  - * 2pi  --  open 
                          2
                18 %pi     9
  k = 6 : sum = ------  =  - * 2pi  --  open 
                  5        5
                21 %pi     21
  k = 7 : sum = ------  =  -- * 2pi  --  open 
                  5        10
                24 %pi     12
  k = 8 : sum = ------  =  -- * 2pi  --  open 
                  5        5
                27 %pi     27
  k = 9 : sum = ------  =  -- * 2pi  --  open 
                  5        10
  k = 10 : sum = 6 %pi  =  3 * 2pi  --  CLOSES 
                 33 %pi     33
  k = 11 : sum = ------  =  -- * 2pi  --  open 
                   5        10
                 36 %pi     18
  k = 12 : sum = ------  =  -- * 2pi  --  open 
                   5        5
Smallest k with full closure: k = 10   (number of full turns = 3 ) 
------------------------------------------------------------ 
[n =  5 ] Cyclotomic / roots-of-unity structure: 
                                    4    3    2
  x^n - 1 factorization = (x - 1) (x  + x  + x  + x + 1) 
  totient(n) = phi(n)   = 4   (degree of Q[zeta_n] over Q) 
  Real subfield degree  = 2   (degree of Q(zeta + zeta^{-1}) over Q) 
  Sum of all n-th roots (numeric) = 2.220446049250313E-16 
                                                       (expected 0 for n >= 2) 
  Sum of primitive n-th roots (numeric) = - 0.9999999999999998 
                                                        ,  Moebius mu(n) = - 1 
                        2 %pi
  2*cos(2*pi/n) = 2 cos(-----)  = 0.6180339887498949 
                          5
                               (algebraic integer in real cyclotomic subfield) 
  [Pentagon] 2*cos(72)  - (sqrt 5 - 1)/2  ~ 0.0 
  [Pentagon] 2*cos(144) - (-(sqrt 5 + 1)/2) ~ 2.220446049250313E-16 
------------------------------------------------------------ 
[n =  5 ] Rotation matrix R (by exterior angle 2*pi/n): 
            [     2 %pi         2 %pi  ]
            [ cos(-----)  - sin(-----) ]
            [       5             5    ]
  Symbolic: [                          ] 
            [     2 %pi        2 %pi   ]
            [ sin(-----)   cos(-----)  ]
            [       5            5     ]
            [ 0.3090169943749474  - 0.9510565162951535 ]
  Numeric : [                                          ] 
            [ 0.9510565162951535   0.3090169943749474  ]
  det(R) = 1  (expected 1) 
                2 %pi
  tr(R) = 2 cos(-----)  = 2 cos(2*pi/n) = 0.6180339887498949 
                  5
                 [           1.0            2.375740894749007E-16 ]
  R^n  numeric = [                                                ] 
                 [ - 2.375740894749007E-16           1.0          ]
                                                                  (expected I) 
[n =  5 ] R^k traces (should equal 2 cos(2 pi k/n)): 
  k = 1 : tr(R^k) = 0.6180339887498949  ~ 2cos( 1 *2pi/n) = 0.6180339887498949 
  k = 2 : tr(R^k) = - 1.618033988749895  ~ 2cos( 2 *2pi/n) = 
                                                           - 1.618033988749894 
  k = 3 : tr(R^k) = - 1.618033988749895  ~ 2cos( 3 *2pi/n) = 
                                                           - 1.618033988749895 
  k = 4 : tr(R^k) = 0.6180339887498947  ~ 2cos( 4 *2pi/n) = 0.6180339887498945 
  k = 5 : tr(R^k) = 2.0  ~ 2cos( 5 *2pi/n) = 2.0 
------------------------------------------------------------ 
[n =  5 ] PRIMARY BASIS VECTORS (unit circumradius, 
                            vertex 0 at top, CCW): 
  v[ 0 ] =  [0, 1]  ~  [0.0, 1.0] 
                 9 %pi       9 %pi
  v[ 1 ] =  [cos(-----), sin(-----)]  ~  
                  10          10
                                    [- 0.9510565162951535, 0.3090169943749475] 
                 13 %pi       13 %pi
  v[ 2 ] =  [cos(------), sin(------)]  ~  
                   10           10
                                  [- 0.5877852522924733, - 0.8090169943749473] 
                 17 %pi       17 %pi
  v[ 3 ] =  [cos(------), sin(------)]  ~  
                   10           10
                                    [0.5877852522924729, - 0.8090169943749476] 
                 21 %pi       21 %pi
  v[ 4 ] =  [cos(------), sin(------)]  ~  
                   10           10
                                      [0.9510565162951536, 0.3090169943749472] 
[n =  5 ] EDGE VECTORS e[k] = v[k] - v[k-1] (unit circumradius): 
  e[ 1 ] (numeric) =  [- 0.9510565162951535, - 0.6909830056250526] 
  e[ 2 ] (numeric) =  [0.3632712640026803, - 1.118033988749895] 
  e[ 3 ] (numeric) =  [1.175570504584946, - 2.220446049250313E-16] 
  e[ 4 ] (numeric) =  [0.3632712640026807, 1.118033988749894] 
  e[ 5 ] (numeric) =  [- 0.9510565162951536, 0.6909830056250528] 
                                                    %pi
[n =  5 ] Side length (unit circumradius) s = 2 sin(---)  = 1.175570504584946 
                                                     5
  [Pentagon] cos(72) - (phi-1)/2 = 0 
  [Pentagon] cos(36) - phi/2     = 0 
  [Pentagon] cos^2(72) + sin^2(72) = 1 
  [Pentagon] cos^2(36) + sin^2(36) = 1 
                                [ 1  0 ]
  [Pentagon] R72^5 (radcan'd) = [      ] 
                                [ 0  1 ]
                                 [ 0.0  0.0 ]
  [Pentagon] R72^5 - I numeric = [          ] 
                                 [ 0.0  0.0 ]
------------------------------------------------------------ 
[n =  5 ] Holonomy / spinor cover analysis: 
  Natural single-vortex fiber order = 10 
  Z_n single-vortex holonomy (n = 10 ) : 1 
  Required loop count to close fiber : 10 
[Anyonic case G = Z_n with n = 5 ]: 
  single-vortex holonomy = 1 
  loop order required    = 5  (expected 5 ) 
[n =  5 ] order(g, n) = n/gcd(g, n) check (g = 0..n-1): 
  All g in Z_n satisfy order(g) = n/gcd(g, n). 
[n =  5 ] Composite holonomy: Loop A = 3 , Loop B = 2 , Composite = 0 
                                                               , Sum mod n = 0 
------------------------------------------------------------ 
[n =  5 ] Cut-and-project ambient lattice Z^n: 
  C_n cyclic shift matrix: 
   [ 0  1  0  0  0 ]
   [               ]
   [ 0  0  1  0  0 ]
   [               ]
   [ 0  0  0  1  0 ] 
   [               ]
   [ 0  0  0  0  1 ]
   [               ]
   [ 1  0  0  0  0 ]
                       5
  charpoly(C_n) = 1 - x  
  C_n^n = I_n verified. 
  C_n is orthogonal: C_n . C_n^T = I_n. 
  C_n . (1,...,1)^T - (1,...,1)^T = [ 0  0  0  0  0 ]  (should be zero) 
  Projectors P_diag, P_perp: idempotent, orthogonal, complete. 
  dim(orthogonal complement of diagonal) = 4  = n - 1 
[n =  5 ] REAL-INVARIANT 2D SUBSPACES V_k of C_n: 
  V_ 1  (rotation angle 2 pi * 1 /n = 1.256637061435917 ): 
    u_ 1  (cos) = [1.0, 0.3090169943749474, - 0.8090169943749473, 
                                     - 0.8090169943749476, 0.3090169943749472] 
    w_ 1  (sin) = [0.0, 0.9510565162951535, 0.5877852522924733, 
                                    - 0.587785252292473, - 0.9510565162951536] 
  V_ 2  (rotation angle 2 pi * 2 /n = 2.513274122871834 ): 
    u_ 2  (cos) = [1.0, - 0.8090169943749473, 0.3090169943749472, 
                                     0.3090169943749477, - 0.8090169943749477] 
    w_ 2  (sin) = [0.0, 0.5877852522924733, - 0.9510565162951536, 
                                     0.9510565162951535, - 0.5877852522924728] 
  Physical 2D plane E_|| recommended = V_1. 
  Perp subspace E_perp = (diagonal) + 1 * 2D pieces + 0 alternating directions 
                                                           =>  dim(E_perp) = 3 
                       4
  ||pi_perp(e_1)||^2 = -  (= (n-1)/n) 
                       5
------------------------------------------------------------ 
[n =  5 ] CA rule-count analysis (degree k = n): 
  Binary outer-totalistic n-neighbor rules = 4096  (= 2^ 12 ) 
  Binary fully totalistic n-neighbor rules = 128  (= 2^ 7 ) 
  Binary fully general    n-neighbor rules = 18446744073709551616  (= 2^(2^ 6 
                                                                            )) 
  [Pentagon] 4096 outer-totalistic rules confirmed. 
  Reference: 4-OT = 1024 , 8-OT = 262144 
------------------------------------------------------------ 
[n =  5 ] Polygon geometry (side s = 1): 
                       1
  Circumradius R = ----------  ~ 0.8506508083520399 
                         %pi
                   2 sin(---)
                          5
                       1
  Apothem      r = ----------  ~ 0.6881909602355868 
                         %pi
                   2 tan(---)
                          5
                       %pi
                   tan(---)
                        5
  R/r            = --------  = sec(pi/n) = 1.236067977499789 
                       %pi
                   sin(---)
                        5
                         %pi
                   5 cot(---)
                          5
  Area A         = ----------  ~ 1.720477400588967 
                       4
  Diagonals (k-step chord lengths, unit side): 
    d[ 1 ] = 1  ~ 1.0 
                 2 %pi
             sin(-----)
                   5
    d[ 2 ] = ----------  ~ 1.618033988749894 
                  %pi
              sin(---)
                   5
                 3 %pi
             sin(-----)
                   5
    d[ 3 ] = ----------  ~ 1.618033988749895 
                  %pi
              sin(---)
                   5
                 4 %pi
             sin(-----)
                   5
    d[ 4 ] = ----------  ~ 1.0 
                  %pi
              sin(---)
                   5
  [Pentagon] (d/s)^2 = phi^2 confirmed 
  [Pentagon] pentagram self-similarity: 1/phi^2 = 2 - phi 
------------------------------------------------------------ 
[n =  5 ] Dihedral group D_n symmetries: 
                                   [ 0  0 ]
  S0 . R . S0 - R^{-1} (symbolic): [      ] 
                                   [ 0  0 ]
  S R S = R^{-1} verified. 
  |D_n| = 10 
  Conjugacy classes (n odd): 1 + (n-1)/2 + 1 = 4 
                                  (sum of sizes 1 + (n-1)/2 * 2 + n = 10 = 2n) 
  Irrep dim^2 sum (n odd): 2 + 2(n-1) = 10 (should = 2n = 10 ) 
------------------------------------------------------------ 
[n =  5 ] Graph Laplacians (star and cycle): 
  Star K_{1, 5 }: spectrum = {0, 1 (multiplicity 4 ), 6 } 
  Spectral gap = 1 (positive => connected). 
  Cycle C_ 5  Laplacian eigenvalues = 2 - 2 cos(2 pi k/n): 
   [0.0, 1.381966011250105, 3.618033988749895, 3.618033988749895, 
                                                            1.381966011250105] 
  Spectral gap of C_ 5  = 1.381966011250105 
                                       5          4         3         2
  [Pentagon] charpoly(L_{C_5}) = (- lam ) + 10 lam  - 35 lam  + 50 lam
                                                                      - 25 lam 
  [n = 5 ] iteration complete. 
------------------------------------------------------------ 
[n =  5 ] Inflation / substitution system: 
                          [ 2  1 ]
  Substitution matrix M = [      ] 
                          [ 1  1 ]
  Initial vector v0 = [ 1  0 ] 
  depth = 1 : tile counts = [ 2  1 ]   total = 3 
  depth = 2 : tile counts = [ 5  3 ]   total = 8 
  depth = 3 : tile counts = [ 13  8 ]   total = 21 
  depth = 4 : tile counts = [ 34  21 ]   total = 55 
  depth = 5 : tile counts = [ 89  55 ]   total = 144 
  depth = 6 : tile counts = [ 233  144 ]   total = 377 
  Perron-Frobenius eigenvalue (inflation ratio) = 2.618033988749895 
  [Pentagon] phi^2 = 2.618033988749895   PF eigenvalue = 2.618033988749895 
                                                                    diff = 0.0 
  Tile-count growth rates (ratio at successive depths): 
   [2.666666666666666, 2.625, 2.619047619047619, 2.618181818181818, 
                                                            2.618055555555555] 
  Converging to PF eigenvalue: 2.618033988749895 
  Tiles after 1 inflation step: 3 
  Fractal dimension estimate d_f = log(N)/log(lambda) = 1.141505914294639 
------------------------------------------------------------ 
[n =  5 ] Zeta functions and L-series: 
  Partial Riemann zeta(2) ( 40  terms) = 1.620243963006935   (exact pi^2/6 = 
                                                           1.644934066848226 ) 
  Partial Riemann zeta(3) ( 40  terms) = 1.201752118023676 
                                                    (Apery's constant ~ 1.202) 
  Partial Dedekind zeta_{Q(sqrt5)}(2) (primes <= 30) = 1.153470439104993 
  Partial Dedekind zeta_{Q(sqrt5)}(3) (primes <= 30) = 1.027407641683453 
  Ratio zeta_{Q(sqrt5)}(2) / zeta(2)^2 ~ (class number factor): 
    = 0.4393854233642092 
  Partial L(2, chi_5) ( 40  terms) = 0.7061989804245805 
  Partial L(3, chi_5) ( 40  terms) = 0.8548243026978557 
  Exact L(2, chi_5) = pi^2 / (5 sqrt(5)) ~ 0.8827642540746761 
  Functional equation (numerical check at s=0.7): 
    L(0.7) = 0.3154812660944506   L(0.3) = 0.140960360039939   ratio = 
                                                             2.238084990738273 
  Spectral zeta of C_ 5  at s=2: 1.199999999999999 
  Spectral zeta of C_ 5  at s=3: 0.7999999999999997 
------------------------------------------------------------ 
[n =  5 ] Diffusion kernel and heat trace: 
  Heat trace Tr(e^{-t L}) for cycle C_ 5 : 
    t = 0.01 :  Tr = 4.901483478131218 
    t = 0.1 :  Tr = 4.134693441585213 
    t = 0.5 :  Tr = 2.329796696122076 
    t = 1.0 :  Tr = 1.555839632012999 
    t = 2.0 :  Tr = 1.127527060261831 
    t = 5.0 :  Tr = 1.001995882580764 
    t = 10.0 :  Tr = 1.000001991718086 
    t = 50.0 :  Tr = 1.0 
  Heat trace Tr(e^{-t L}) for star K_{1, 5 }: 
    t = 0.01 :  Tr = 5.901963868580921 
    t = 0.1 :  Tr = 5.168161308237864 
    t = 0.5 :  Tr = 3.475909707218397 
    t = 1.0 :  Tr = 2.473996516862435 
    t = 2.0 :  Tr = 1.541347277158804 
    t = 5.0 :  Tr = 1.026951787996435 
    t = 10.0 :  Tr = 1.00018159971905 
    t = 50.0 :  Tr = 1.0 
  Effective d_s from heat-trace slope (cycle C_ 5 ): 
    t in [ 0.01 , 0.1 ]:  d_s ~ 0.1477684557156631 
    t in [ 0.1 , 0.5 ]:  d_s ~ 0.7128354252672624 
    t in [ 0.5 , 1.0 ]:  d_s ~ 1.165021409668176 
    t in [ 1.0 , 2.0 ]:  d_s ~ 0.9290626085694703 
    t in [ 2.0 , 5.0 ]:  d_s ~ 0.2576319824693638 
    t in [ 5.0 , 10.0 ]:  d_s ~ 0.005747413516663831 
    t in [ 10.0 , 50.0 ]:  d_s ~ 2.475045589025626E-6 
  Short-time heat-trace asymptotics (2D Weyl law): 
    Tr(e^{-tL}) ~ (4 pi t)^{-1} * A + (4 pi t)^{-1/2} * B/6 + ... 
    t = 0.01 :  Weyl leading term = 7.957747154594768 
    t = 0.05 :  Weyl leading term = 1.591549430918953 
    t = 0.1 :  Weyl leading term = 0.7957747154594768 
  Heat kernel K_t(x) on R^2 (Gaussian, d=2): 
    t = 0.1 :  K(0) = 0.7957747154594768   K(1) = 0.0653211664234246   K(2) = 
                                                          3.612811618862161E-5 
    t = 1.0 :  K(0) = 0.07957747154594767   K(1) = 0.06197499715482649   K(2) =
                                                           0.02927491576215958 
    t = 10.0 :  K(0) = 0.007957747154594767   K(1) = 0.007761269677291536 
                                                   K(2) = 0.007200467388746533 
  Spectral zeta of C_ 5  at s=1,2,3: 
    s = 1 :  zeta_L = 1.999999999999999 
    s = 2 :  zeta_L = 1.199999999999999 
    s = 3 :  zeta_L = 0.7999999999999997 
------------------------------------------------------------ 
[n =  5 ] Acceptance-window (cut-and-project) geometry: 
  Acceptance window: regular  5 -gon in perp space 
  Unit-cell area A_cell ~ 1.720477400588967 
  Acceptance densities (rho = window inradius): 
    rho = 0.5 :  density = 0.5278640450004206 
    rho = 1.0 :  density = 2.111456180001682 
    rho = 1.5 :  density = 4.750776405003785 
    rho = 2.0 :  density = 8.44582472000673 
  Window vertices (rho = 1): 
    v[ 0 ] = ( 1.0 , 0.0 ) 
    v[ 1 ] = ( 0.3090169943749474 , 0.9510565162951535 ) 
    v[ 2 ] = ( - 0.8090169943749473 , 0.5877852522924733 ) 
    v[ 3 ] = ( - 0.8090169943749476 , - 0.587785252292473 ) 
    v[ 4 ] = ( 0.3090169943749472 , - 0.9510565162951536 ) 
  Sample acceptance test (rho = 1, grid [-1.5, 1.5]^2, 20 x 20  grid): 
    Points inside window: 108 / 400   fraction = 0.27 
    Expected fraction (A_window/A_box) = 0.4036347377807561 
  [Pentagon] After one inflation step, window radius: 0.6180339887498948 
                                                                     (= 1/phi) 
  [Pentagon] Window area ratio (inflated/original) = 0.3819660112501051 
                                      (expected 1/phi^2 = 0.3819660112501051 ) 
------------------------------------------------------------ 
[n =  5 ] Substitution sequences and symbolic dynamics: 
  Fibonacci word (substitution a->ab, b->a): 
    depth = 0 : length = 1   word = a 
    depth = 1 : length = 2   word = ab 
    depth = 2 : length = 3   word = aba 
    depth = 3 : length = 5   word = abaab 
    depth = 4 : length = 8   word = abaababa 
    depth = 5 : length = 13   word = abaababaabaab 
    depth = 6 : length = 21   word = abaababaabaababaababa 
  At depth 6 : |a| = 13   |b| = 8   |a|/|b| = 1.625   phi = 1.618033988749895 
  a/b ratio converging to phi: OK 
  Fibonacci word is Sturmian: complexity p(n) = n + 1 
  (minimum complexity for an aperiodic sequence) 
  Thue-Morse sequence (first 16 terms): 
   [0, 1, 1, 0, 1, 0, 0, 1, 1, 0, 0, 1, 0, 1, 1, 0] 
  Rudin-Shapiro sequence (first 16 terms): 
   [1, 1, 1, - 1, 1, 1, - 1, 1, 1, 1, 1, - 1, - 1, - 1, 1, - 1] 
  [Pentagon] Fibonacci word depth 6 (Penrose edge sequence): 
     abaababaabaababaababa 
    Length = 21   (= F_8 = 21 ) 
                                 [ 1  1 ]
  Fibonacci substitution matrix: [      ] 
                                 [ 1  0 ]
                              2
  Characteristic polynomial: x  - x - 1 
  Eigenvalues: phi = 1.618033988749895  and psi = - 0.6180339887498949 
                                                        (roots of x^2 - x - 1) 
  PF eigenvalue = 1.618033988749895  (expected phi = 1.618033988749895 ) 
============================================================ 
N_GON = 6 
============================================================ 
                                    2 %pi
Interior angle theta = (n-2)*pi/n = -----  = 120.0 deg 
                                      3
                                   %pi
Exterior angle = 2*pi/n          = ---  = 60.0 deg 
                                    3
Flat-vertex count k_flat = floor(2*pi/theta) = 3 
Angular deficit at k_flat copies = 0  = 0.0 deg 
                                      2 %pi
Angular excess at (k_flat+1) copies = -----  = 120.0 deg 
                                        3
Smallest k>0 with k*theta = (integer)*2*pi:  k = 3 ,  accumulating  1 
                                                                    full turns 
------------------------------------------------------------ 
[n =  6 ] Angle summary: 
                            2 %pi
  Interior angle  theta   = -----  = 2.094395102393195  rad = 120.0  deg 
                              3
                            %pi
  Exterior angle          = ---  = 1.047197551196597  rad 
                             3
                            %pi
  Central angle           = ---  = 1.047197551196597  rad 
                             3
  Sum of interior angles  = 4 %pi 
                            2 %pi
  Avg interior angle      = ----- 
                              3
[n =  6 ] k-copy vertex-loop accumulation: 
                2 %pi     1
  k = 1 : sum = -----  =  - * 2pi  --  open 
                  3       3
                4 %pi     2
  k = 2 : sum = -----  =  - * 2pi  --  open 
                  3       3
  k = 3 : sum = 2 %pi  =  1 * 2pi  --  CLOSES 
                8 %pi     4
  k = 4 : sum = -----  =  - * 2pi  --  open 
                  3       3
                10 %pi     5
  k = 5 : sum = ------  =  - * 2pi  --  open 
                  3        3
  k = 6 : sum = 4 %pi  =  2 * 2pi  --  CLOSES 
                14 %pi     7
  k = 7 : sum = ------  =  - * 2pi  --  open 
                  3        3
                16 %pi     8
  k = 8 : sum = ------  =  - * 2pi  --  open 
                  3        3
  k = 9 : sum = 6 %pi  =  3 * 2pi  --  CLOSES 
                 20 %pi     10
  k = 10 : sum = ------  =  -- * 2pi  --  open 
                   3        3
                 22 %pi     11
  k = 11 : sum = ------  =  -- * 2pi  --  open 
                   3        3
  k = 12 : sum = 8 %pi  =  4 * 2pi  --  CLOSES 
Smallest k with full closure: k = 3   (number of full turns = 1 ) 
------------------------------------------------------------ 
[n =  6 ] Cyclotomic / roots-of-unity structure: 
                                            2            2
  x^n - 1 factorization = (x - 1) (x + 1) (x  - x + 1) (x  + x + 1) 
  totient(n) = phi(n)   = 2   (degree of Q[zeta_n] over Q) 
  Real subfield degree  = 1   (degree of Q(zeta + zeta^{-1}) over Q) 
  Sum of all n-th roots (numeric) = 0.0  (expected 0 for n >= 2) 
  Sum of primitive n-th roots (numeric) = 1.0 ,  Moebius mu(n) = 1 
  2*cos(2*pi/n) = 1  = 1.0   (algebraic integer in real cyclotomic subfield) 
------------------------------------------------------------ 
[n =  6 ] Rotation matrix R (by exterior angle 2*pi/n): 
            [    1       sqrt(3) ]
            [    -     - ------- ]
            [    2          2    ]
  Symbolic: [                    ] 
            [ sqrt(3)      1     ]
            [ -------      -     ]
            [    2         2     ]
            [        0.5          - 0.8660254037844386 ]
  Numeric : [                                          ] 
            [ 0.8660254037844386          0.5          ]
  det(R) = 1  (expected 1) 
  tr(R) = 1  = 2 cos(2*pi/n) = 1.0 
                 [ 1.0  0.0 ]
  R^n  numeric = [          ]  (expected I) 
                 [ 0.0  1.0 ]
[n =  6 ] R^k traces (should equal 2 cos(2 pi k/n)): 
  k = 1 : tr(R^k) = 1.0  ~ 2cos( 1 *2pi/n) = 1.0 
  k = 2 : tr(R^k) = - 1.0  ~ 2cos( 2 *2pi/n) = - 1.0 
  k = 3 : tr(R^k) = - 2.0  ~ 2cos( 3 *2pi/n) = - 2.0 
  k = 4 : tr(R^k) = - 1.0  ~ 2cos( 4 *2pi/n) = - 1.0 
  k = 5 : tr(R^k) = 1.0  ~ 2cos( 5 *2pi/n) = 1.0 
  k = 6 : tr(R^k) = 2.0  ~ 2cos( 6 *2pi/n) = 2.0 
------------------------------------------------------------ 
[n =  6 ] PRIMARY BASIS VECTORS (unit circumradius, 
                            vertex 0 at top, CCW): 
  v[ 0 ] =  [0, 1]  ~  [0.0, 1.0] 
               sqrt(3)  1
  v[ 1 ] =  [- -------, -]  ~  [- 0.8660254037844386, 0.5] 
                  2     2
               sqrt(3)    1
  v[ 2 ] =  [- -------, - -]  ~  [- 0.8660254037844386, - 0.5] 
                  2       2
  v[ 3 ] =  [0, - 1]  ~  [0.0, - 1.0] 
             sqrt(3)    1
  v[ 4 ] =  [-------, - -]  ~  [0.8660254037844386, - 0.5] 
                2       2
             sqrt(3)  1
  v[ 5 ] =  [-------, -]  ~  [0.8660254037844386, 0.5] 
                2     2
[n =  6 ] EDGE VECTORS e[k] = v[k] - v[k-1] (unit circumradius): 
  e[ 1 ] (numeric) =  [- 0.8660254037844386, - 0.5] 
  e[ 2 ] (numeric) =  [0.0, - 1.0] 
  e[ 3 ] (numeric) =  [0.8660254037844386, - 0.5] 
  e[ 4 ] (numeric) =  [0.8660254037844386, 0.5] 
  e[ 5 ] (numeric) =  [0.0, 1.0] 
  e[ 6 ] (numeric) =  [- 0.8660254037844386, 0.5] 
[n =  6 ] Side length (unit circumradius) s = 1  = 1.0 
------------------------------------------------------------ 
[n =  6 ] Holonomy / spinor cover analysis: 
  Natural single-vortex fiber order = 3 
  Z_n single-vortex holonomy (n = 3 ) : 1 
  Required loop count to close fiber : 3 
[Anyonic case G = Z_n with n = 6 ]: 
  single-vortex holonomy = 1 
  loop order required    = 6  (expected 6 ) 
[n =  6 ] order(g, n) = n/gcd(g, n) check (g = 0..n-1): 
  All g in Z_n satisfy order(g) = n/gcd(g, n). 
[n =  6 ] Composite holonomy: Loop A = 3 , Loop B = 1 , Composite = 4 
                                                               , Sum mod n = 4 
------------------------------------------------------------ 
[n =  6 ] Cut-and-project ambient lattice Z^n: 
  C_n cyclic shift matrix: 
   [ 0  1  0  0  0  0 ]
   [                  ]
   [ 0  0  1  0  0  0 ]
   [                  ]
   [ 0  0  0  1  0  0 ]
   [                  ] 
   [ 0  0  0  0  1  0 ]
   [                  ]
   [ 0  0  0  0  0  1 ]
   [                  ]
   [ 1  0  0  0  0  0 ]
                   6
  charpoly(C_n) = x  - 1 
  C_n^n = I_n verified. 
  C_n is orthogonal: C_n . C_n^T = I_n. 
  C_n . (1,...,1)^T - (1,...,1)^T = [ 0  0  0  0  0  0 ]  (should be zero) 
  Projectors P_diag, P_perp: idempotent, orthogonal, complete. 
  dim(orthogonal complement of diagonal) = 5  = n - 1 
[n =  6 ] REAL-INVARIANT 2D SUBSPACES V_k of C_n: 
  V_ 1  (rotation angle 2 pi * 1 /n = 1.047197551196597 ): 
    u_ 1  (cos) = [1.0, 0.5, - 0.5, - 1.0, - 0.5, 0.5] 
    w_ 1  (sin) = [0.0, 0.8660254037844386, 0.8660254037844386, 0.0, 
                                   - 0.8660254037844386, - 0.8660254037844386] 
  V_ 2  (rotation angle 2 pi * 2 /n = 2.094395102393195 ): 
    u_ 2  (cos) = [1.0, - 0.5, - 0.5, 1.0, - 0.5, - 0.5] 
    w_ 2  (sin) = [0.0, 0.8660254037844386, - 0.8660254037844386, 0.0, 
                                     0.8660254037844386, - 0.8660254037844386] 
  alternating-sign eigenvector (eigenvalue -1) = [1, - 1, 1, - 1, 1, - 1] 
  Physical 2D plane E_|| recommended = V_1. 
  Perp subspace E_perp = (diagonal) + 1 * 2D pieces + 1 alternating direction 
                                                           =>  dim(E_perp) = 4 
                       5
  ||pi_perp(e_1)||^2 = -  (= (n-1)/n) 
                       6
------------------------------------------------------------ 
[n =  6 ] CA rule-count analysis (degree k = n): 
  Binary outer-totalistic n-neighbor rules = 16384  (= 2^ 14 ) 
  Binary fully totalistic n-neighbor rules = 256  (= 2^ 8 ) 
  Binary fully general    n-neighbor rules = 
                        340282366920938463463374607431768211456  (= 2^(2^ 7 )) 
  Reference: 4-OT = 1024 , 8-OT = 262144 
------------------------------------------------------------ 
[n =  6 ] Polygon geometry (side s = 1): 
  Circumradius R = 1  ~ 1.0 
                   sqrt(3)
  Apothem      r = -------  ~ 0.8660254037844386 
                      2
                      2
  R/r            = -------  = sec(pi/n) = 1.154700538379251 
                   sqrt(3)
                    3/2
                   3
  Area A         = ----  ~ 2.598076211353315 
                    2
  Diagonals (k-step chord lengths, unit side): 
    d[ 1 ] = 1  ~ 1.0 
    d[ 2 ] = sqrt(3)  ~ 1.732050807568877 
    d[ 3 ] = 2  ~ 2.0 
    d[ 4 ] = sqrt(3)  ~ 1.732050807568877 
    d[ 5 ] = 1  ~ 1.0 
------------------------------------------------------------ 
[n =  6 ] Dihedral group D_n symmetries: 
                                   [ 0  0 ]
  S0 . R . S0 - R^{-1} (symbolic): [      ] 
                                   [ 0  0 ]
  S R S = R^{-1} verified. 
  |D_n| = 12 
  Conjugacy classes (n even): 1 + (n-2)/2 + 1 + 2 = 6 
                        (sum of sizes 1 + (n-2)/2 * 2 + 1 + 2*(n/2) = 12 = 2n) 
  Irrep dim^2 sum (n even): 4 + 2(n-2) = 12 (should = 2n = 12 ) 
------------------------------------------------------------ 
[n =  6 ] Graph Laplacians (star and cycle): 
  Star K_{1, 6 }: spectrum = {0, 1 (multiplicity 5 ), 7 } 
  Spectral gap = 1 (positive => connected). 
  Cycle C_ 6  Laplacian eigenvalues = 2 - 2 cos(2 pi k/n): 
   [0.0, 1.0, 3.0, 4.0, 3.0, 1.0] 
  Spectral gap of C_ 6  = 1.0 
  [n = 6 ] iteration complete. 
------------------------------------------------------------ 
[n =  6 ] Inflation / substitution system: 
                          [ 2  1 ]
  Substitution matrix M = [      ] 
                          [ 3  2 ]
  Initial vector v0 = [ 1  0 ] 
  depth = 1 : tile counts = [ 2  3 ]   total = 5 
  depth = 2 : tile counts = [ 7  12 ]   total = 19 
  depth = 3 : tile counts = [ 26  45 ]   total = 71 
  depth = 4 : tile counts = [ 97  168 ]   total = 265 
  depth = 5 : tile counts = [ 362  627 ]   total = 989 
  depth = 6 : tile counts = [ 1351  2340 ]   total = 3691 
  Perron-Frobenius eigenvalue (inflation ratio) = 3.732050807568877 
  Tile-count growth rates (ratio at successive depths): 
   [3.8, 3.736842105263158, 3.732394366197183, 3.732075471698113, 
                                                            3.732052578361982] 
  Converging to PF eigenvalue: 3.732050807568877 
  Tiles after 1 inflation step: 5 
  Fractal dimension estimate d_f = log(N)/log(lambda) = 1.222087597631058 
------------------------------------------------------------ 
[n =  6 ] Zeta functions and L-series: 
  Partial Riemann zeta(2) ( 40  terms) = 1.620243963006935   (exact pi^2/6 = 
                                                           1.644934066848226 ) 
  Partial Riemann zeta(3) ( 40  terms) = 1.201752118023676 
                                                    (Apery's constant ~ 1.202) 
  Partial Dedekind zeta_{Q(sqrt5)}(2) (primes <= 30) = 1.153470439104993 
  Partial Dedekind zeta_{Q(sqrt5)}(3) (primes <= 30) = 1.027407641683453 
  Ratio zeta_{Q(sqrt5)}(2) / zeta(2)^2 ~ (class number factor): 
    = 0.4393854233642092 
  Partial L(2, chi_5) ( 40  terms) = 0.7061989804245805 
  Partial L(3, chi_5) ( 40  terms) = 0.8548243026978557 
  Exact L(2, chi_5) = pi^2 / (5 sqrt(5)) ~ 0.8827642540746761 
  Functional equation (numerical check at s=0.7): 
    L(0.7) = 0.3154812660944506   L(0.3) = 0.140960360039939   ratio = 
                                                             2.238084990738273 
  Spectral zeta of C_ 6  at s=2: 2.284722222222222 
  Spectral zeta of C_ 6  at s=3: 2.089699074074074 
------------------------------------------------------------ 
[n =  6 ] Diffusion kernel and heat trace: 
  Heat trace Tr(e^{-t L}) for cycle C_ 6 : 
    t = 0.01 :  Tr = 5.881780173747676 
    t = 0.1 :  Tr = 4.961631323470995 
    t = 0.5 :  Tr = 2.794656922958739 
    t = 1.0 :  Tr = 1.853648657967346 
    t = 2.0 :  Tr = 1.27596353345446 
    t = 5.0 :  Tr = 1.013476507863965 
    t = 10.0 :  Tr = 1.000090799859712 
    t = 50.0 :  Tr = 1.0 
  Heat trace Tr(e^{-t L}) for star K_{1, 6 }: 
    t = 0.01 :  Tr = 6.882642988651789 
    t = 0.1 :  Tr = 6.020772393971207 
    t = 0.5 :  Tr = 4.062850681985485 
    t = 1.0 :  Tr = 2.840309087822766 
    t = 2.0 :  Tr = 1.676677247711782 
    t = 5.0 :  Tr = 1.033689734995428 
    t = 10.0 :  Tr = 1.000226999648812 
    t = 50.0 :  Tr = 1.0 
  Effective d_s from heat-trace slope (cycle C_ 6 ): 
    t in [ 0.01 , 0.1 ]:  d_s ~ 0.1477685968890032 
    t in [ 0.1 , 0.5 ]:  d_s ~ 0.713323857628776 
    t in [ 0.5 , 1.0 ]:  d_s ~ 1.184606731640358 
    t in [ 1.0 , 2.0 ]:  d_s ~ 1.077561444583545 
    t in [ 2.0 , 5.0 ]:  d_s ~ 0.5027118364954463 
    t in [ 5.0 , 10.0 ]:  d_s ~ 0.0383633146318807 
    t in [ 10.0 , 50.0 ]:  d_s ~ 1.128291274273291E-4 
  Short-time heat-trace asymptotics (2D Weyl law): 
    Tr(e^{-tL}) ~ (4 pi t)^{-1} * A + (4 pi t)^{-1/2} * B/6 + ... 
    t = 0.01 :  Weyl leading term = 7.957747154594768 
    t = 0.05 :  Weyl leading term = 1.591549430918953 
    t = 0.1 :  Weyl leading term = 0.7957747154594768 
  Heat kernel K_t(x) on R^2 (Gaussian, d=2): 
    t = 0.1 :  K(0) = 0.7957747154594768   K(1) = 0.0653211664234246   K(2) = 
                                                          3.612811618862161E-5 
    t = 1.0 :  K(0) = 0.07957747154594767   K(1) = 0.06197499715482649   K(2) =
                                                           0.02927491576215958 
    t = 10.0 :  K(0) = 0.007957747154594767   K(1) = 0.007761269677291536 
                                                   K(2) = 0.007200467388746533 
  Spectral zeta of C_ 6  at s=1,2,3: 
    s = 1 :  zeta_L = 2.916666666666666 
    s = 2 :  zeta_L = 2.284722222222222 
    s = 3 :  zeta_L = 2.089699074074074 
------------------------------------------------------------ 
[n =  6 ] Acceptance-window (cut-and-project) geometry: 
  Acceptance window: regular  6 -gon in perp space 
  Unit-cell area A_cell ~ 2.598076211353315 
  Acceptance densities (rho = window inradius): 
    rho = 0.5 :  density = 0.3333333333333334 
    rho = 1.0 :  density = 1.333333333333333 
    rho = 1.5 :  density = 3.000000000000001 
    rho = 2.0 :  density = 5.333333333333335 
  Window vertices (rho = 1): 
    v[ 0 ] = ( 1.0 , 0.0 ) 
    v[ 1 ] = ( 0.5 , 0.8660254037844386 ) 
    v[ 2 ] = ( - 0.5 , 0.8660254037844386 ) 
    v[ 3 ] = ( - 1.0 , 0.0 ) 
    v[ 4 ] = ( - 0.5 , - 0.8660254037844386 ) 
    v[ 5 ] = ( 0.5 , - 0.8660254037844386 ) 
  Sample acceptance test (rho = 1, grid [-1.5, 1.5]^2, 20 x 20  grid): 
    Points inside window: 111 / 400   fraction = 0.2775 
    Expected fraction (A_window/A_box) = 0.3849001794597505 
------------------------------------------------------------ 
[n =  6 ] Substitution sequences and symbolic dynamics: 
  Fibonacci word (substitution a->ab, b->a): 
    depth = 0 : length = 1   word = a 
    depth = 1 : length = 2   word = ab 
    depth = 2 : length = 3   word = aba 
    depth = 3 : length = 5   word = abaab 
    depth = 4 : length = 8   word = abaababa 
    depth = 5 : length = 13   word = abaababaabaab 
    depth = 6 : length = 21   word = abaababaabaababaababa 
  At depth 6 : |a| = 13   |b| = 8   |a|/|b| = 1.625   phi = 1.618033988749895 
  a/b ratio converging to phi: OK 
  Fibonacci word is Sturmian: complexity p(n) = n + 1 
  (minimum complexity for an aperiodic sequence) 
  Thue-Morse sequence (first 16 terms): 
   [0, 1, 1, 0, 1, 0, 0, 1, 1, 0, 0, 1, 0, 1, 1, 0] 
  Rudin-Shapiro sequence (first 16 terms): 
   [1, 1, 1, - 1, 1, 1, - 1, 1, 1, 1, 1, - 1, - 1, - 1, 1, - 1] 
                                 [ 1  1 ]
  Fibonacci substitution matrix: [      ] 
                                 [ 1  0 ]
                              2
  Characteristic polynomial: x  - x - 1 
  Eigenvalues: phi = 1.618033988749895  and psi = - 0.6180339887498949 
                                                        (roots of x^2 - x - 1) 
  PF eigenvalue = 1.618033988749895  (expected phi = 1.618033988749895 ) 
============================================================ 
N_GON = 7 
============================================================ 
                                    5 %pi
Interior angle theta = (n-2)*pi/n = -----  = 128.5714285714285 deg 
                                      7
                                   2 %pi
Exterior angle = 2*pi/n          = -----  = 51.42857142857143 deg 
                                     7
Flat-vertex count k_flat = floor(2*pi/theta) = 2 
                                   4 %pi
Angular deficit at k_flat copies = -----  = 102.8571428571428 deg 
                                     7
                                      %pi
Angular excess at (k_flat+1) copies = ---  = 25.71428571428571 deg 
                                       7
Smallest k>0 with k*theta = (integer)*2*pi:  k = 14 ,  accumulating  5 
                                                                    full turns 
------------------------------------------------------------ 
[n =  7 ] Angle summary: 
                            5 %pi
  Interior angle  theta   = -----  = 2.243994752564138  rad = 128.5714285714285
                              7
                                                                           deg 
                            2 %pi
  Exterior angle          = -----  = 0.8975979010256552  rad 
                              7
                            2 %pi
  Central angle           = -----  = 0.8975979010256552  rad 
                              7
  Sum of interior angles  = 5 %pi 
                            5 %pi
  Avg interior angle      = ----- 
                              7
[n =  7 ] k-copy vertex-loop accumulation: 
                5 %pi     5
  k = 1 : sum = -----  =  -- * 2pi  --  open 
                  7       14
                10 %pi     5
  k = 2 : sum = ------  =  - * 2pi  --  open 
                  7        7
                15 %pi     15
  k = 3 : sum = ------  =  -- * 2pi  --  open 
                  7        14
                20 %pi     10
  k = 4 : sum = ------  =  -- * 2pi  --  open 
                  7        7
                25 %pi     25
  k = 5 : sum = ------  =  -- * 2pi  --  open 
                  7        14
                30 %pi     15
  k = 6 : sum = ------  =  -- * 2pi  --  open 
                  7        7
                          5
  k = 7 : sum = 5 %pi  =  - * 2pi  --  open 
                          2
                40 %pi     20
  k = 8 : sum = ------  =  -- * 2pi  --  open 
                  7        7
                45 %pi     45
  k = 9 : sum = ------  =  -- * 2pi  --  open 
                  7        14
                 50 %pi     25
  k = 10 : sum = ------  =  -- * 2pi  --  open 
                   7        7
                 55 %pi     55
  k = 11 : sum = ------  =  -- * 2pi  --  open 
                   7        14
                 60 %pi     30
  k = 12 : sum = ------  =  -- * 2pi  --  open 
                   7        7
                 65 %pi     65
  k = 13 : sum = ------  =  -- * 2pi  --  open 
                   7        14
  k = 14 : sum = 10 %pi  =  5 * 2pi  --  CLOSES 
Smallest k with full closure: k = 14   (number of full turns = 5 ) 
------------------------------------------------------------ 
[n =  7 ] Cyclotomic / roots-of-unity structure: 
                                    6    5    4    3    2
  x^n - 1 factorization = (x - 1) (x  + x  + x  + x  + x  + x + 1) 
  totient(n) = phi(n)   = 6   (degree of Q[zeta_n] over Q) 
  Real subfield degree  = 3   (degree of Q(zeta + zeta^{-1}) over Q) 
  Sum of all n-th roots (numeric) = 4.440892098500626E-16 
                                                       (expected 0 for n >= 2) 
  Sum of primitive n-th roots (numeric) = - 0.9999999999999996 
                                                        ,  Moebius mu(n) = - 1 
                        2 %pi
  2*cos(2*pi/n) = 2 cos(-----)  = 1.246979603717467 
                          7
                               (algebraic integer in real cyclotomic subfield) 
------------------------------------------------------------ 
[n =  7 ] Rotation matrix R (by exterior angle 2*pi/n): 
            [     2 %pi         2 %pi  ]
            [ cos(-----)  - sin(-----) ]
            [       7             7    ]
  Symbolic: [                          ] 
            [     2 %pi        2 %pi   ]
            [ sin(-----)   cos(-----)  ]
            [       7            7     ]
            [ 0.6234898018587336  - 0.7818314824680298 ]
  Numeric : [                                          ] 
            [ 0.7818314824680298   0.6234898018587336  ]
  det(R) = 1  (expected 1) 
                2 %pi
  tr(R) = 2 cos(-----)  = 2 cos(2*pi/n) = 1.246979603717467 
                  7
                 [ 0.9999999999999982         0.0         ]
  R^n  numeric = [                                        ]  (expected I) 
                 [        0.0          0.9999999999999982 ]
[n =  7 ] R^k traces (should equal 2 cos(2 pi k/n)): 
  k = 1 : tr(R^k) = 1.246979603717467  ~ 2cos( 1 *2pi/n) = 1.246979603717467 
  k = 2 : tr(R^k) = - 0.4450418679126284  ~ 2cos( 2 *2pi/n) = 
                                                          - 0.4450418679126287 
  k = 3 : tr(R^k) = - 1.801937735804838  ~ 2cos( 3 *2pi/n) = 
                                                           - 1.801937735804838 
  k = 4 : tr(R^k) = - 1.801937735804838  ~ 2cos( 4 *2pi/n) = 
                                                           - 1.801937735804838 
  k = 5 : tr(R^k) = - 0.44504186791263  ~ 2cos( 5 *2pi/n) = 
                                                          - 0.4450418679126292 
  k = 6 : tr(R^k) = 1.246979603717465  ~ 2cos( 6 *2pi/n) = 1.246979603717466 
  k = 7 : tr(R^k) = 1.999999999999996  ~ 2cos( 7 *2pi/n) = 2.0 
------------------------------------------------------------ 
[n =  7 ] PRIMARY BASIS VECTORS (unit circumradius, 
                            vertex 0 at top, CCW): 
  v[ 0 ] =  [0, 1]  ~  [0.0, 1.0] 
                 11 %pi       11 %pi
  v[ 1 ] =  [cos(------), sin(------)]  ~  
                   14           14
                                    [- 0.7818314824680298, 0.6234898018587336] 
                 15 %pi       15 %pi
  v[ 2 ] =  [cos(------), sin(------)]  ~  
                   14           14
                                  [- 0.9749279121818236, - 0.2225209339563142] 
                 19 %pi       19 %pi
  v[ 3 ] =  [cos(------), sin(------)]  ~  
                   14           14
                                   [- 0.4338837391175583, - 0.900968867902419] 
                 23 %pi       23 %pi
  v[ 4 ] =  [cos(------), sin(------)]  ~  
                   14           14
                                    [0.4338837391175579, - 0.9009688679024193] 
                 27 %pi       27 %pi
  v[ 5 ] =  [cos(------), sin(------)]  ~  
                   14           14
                                    [0.9749279121818235, - 0.2225209339563146] 
                 31 %pi       31 %pi
  v[ 6 ] =  [cos(------), sin(------)]  ~  
                   14           14
                                        [0.78183148246803, 0.6234898018587334] 
[n =  7 ] EDGE VECTORS e[k] = v[k] - v[k-1] (unit circumradius): 
  e[ 1 ] (numeric) =  [- 0.7818314824680298, - 0.3765101981412664] 
  e[ 2 ] (numeric) =  [- 0.1930964297137938, - 0.8460107358150479] 
  e[ 3 ] (numeric) =  [0.5410441730642653, - 0.6784479339461047] 
  e[ 4 ] (numeric) =  [0.8677674782351162, - 2.220446049250313E-16] 
  e[ 5 ] (numeric) =  [0.5410441730642656, 0.6784479339461046] 
  e[ 6 ] (numeric) =  [- 0.1930964297137934, 0.846010735815048] 
  e[ 7 ] (numeric) =  [- 0.78183148246803, 0.3765101981412666] 
                                                    %pi
[n =  7 ] Side length (unit circumradius) s = 2 sin(---)  = 0.8677674782351162 
                                                     7
------------------------------------------------------------ 
[n =  7 ] Holonomy / spinor cover analysis: 
  Natural single-vortex fiber order = 14 
  Z_n single-vortex holonomy (n = 14 ) : 1 
  Required loop count to close fiber : 14 
[Anyonic case G = Z_n with n = 7 ]: 
  single-vortex holonomy = 1 
  loop order required    = 7  (expected 7 ) 
[n =  7 ] order(g, n) = n/gcd(g, n) check (g = 0..n-1): 
  All g in Z_n satisfy order(g) = n/gcd(g, n). 
[n =  7 ] Composite holonomy: Loop A = 3 , Loop B = 0 , Composite = 3 
                                                               , Sum mod n = 3 
------------------------------------------------------------ 
[n =  7 ] Cut-and-project ambient lattice Z^n: 
  C_n cyclic shift matrix: 
   [ 0  1  0  0  0  0  0 ]
   [                     ]
   [ 0  0  1  0  0  0  0 ]
   [                     ]
   [ 0  0  0  1  0  0  0 ]
   [                     ]
   [ 0  0  0  0  1  0  0 ] 
   [                     ]
   [ 0  0  0  0  0  1  0 ]
   [                     ]
   [ 0  0  0  0  0  0  1 ]
   [                     ]
   [ 1  0  0  0  0  0  0 ]
                       7
  charpoly(C_n) = 1 - x  
  C_n^n = I_n verified. 
  C_n is orthogonal: C_n . C_n^T = I_n. 
  C_n . (1,...,1)^T - (1,...,1)^T = [ 0  0  0  0  0  0  0 ]  (should be zero) 
  Projectors P_diag, P_perp: idempotent, orthogonal, complete. 
  dim(orthogonal complement of diagonal) = 6  = n - 1 
[n =  7 ] REAL-INVARIANT 2D SUBSPACES V_k of C_n: 
  V_ 1  (rotation angle 2 pi * 1 /n = 0.8975979010256552 ): 
    u_ 1  (cos) = [1.0, 0.6234898018587336, - 0.2225209339563143, 
- 0.900968867902419, - 0.9009688679024192, - 0.2225209339563146, 
0.6234898018587334] 
    w_ 1  (sin) = [0.0, 0.7818314824680298, 0.9749279121818236, 
0.4338837391175582, - 0.433883739117558, - 0.9749279121818236, 
- 0.7818314824680299] 
  V_ 2  (rotation angle 2 pi * 2 /n = 1.79519580205131 ): 
    u_ 2  (cos) = [1.0, - 0.2225209339563143, - 0.9009688679024192, 
0.6234898018587334, 0.6234898018587337, - 0.9009688679024189, 
- 0.2225209339563148] 
    w_ 2  (sin) = [0.0, 0.9749279121818236, - 0.433883739117558, 
- 0.7818314824680299, 0.7818314824680296, 0.4338837391175584, 
- 0.9749279121818235] 
  V_ 3  (rotation angle 2 pi * 3 /n = 2.692793703076965 ): 
    u_ 3  (cos) = [1.0, - 0.900968867902419, 0.6234898018587334, 
- 0.2225209339563141, - 0.2225209339563148, 0.6234898018587339, 
- 0.9009688679024194] 
    w_ 3  (sin) = [0.0, 0.4338837391175582, - 0.7818314824680299, 
0.9749279121818237, - 0.9749279121818235, 0.7818314824680295, 
- 0.4338837391175575] 
  Physical 2D plane E_|| recommended = V_1. 
  Perp subspace E_perp = (diagonal) + 2 * 2D pieces + 0 alternating directions 
                                                           =>  dim(E_perp) = 5 
                       6
  ||pi_perp(e_1)||^2 = -  (= (n-1)/n) 
                       7
------------------------------------------------------------ 
[n =  7 ] CA rule-count analysis (degree k = n): 
  Binary outer-totalistic n-neighbor rules = 65536  (= 2^ 16 ) 
  Binary fully totalistic n-neighbor rules = 512  (= 2^ 9 ) 
  Binary fully general    n-neighbor rules = 
115792089237316195423570985008687907853269984665640564039457584007913129639936 
 (= 2^(2^ 8 )) 
  Reference: 4-OT = 1024 , 8-OT = 262144 
------------------------------------------------------------ 
[n =  7 ] Polygon geometry (side s = 1): 
                       1
  Circumradius R = ----------  ~ 1.152382435481243 
                         %pi
                   2 sin(---)
                          7
                       1
  Apothem      r = ----------  ~ 1.038260698286168 
                         %pi
                   2 tan(---)
                          7
                       %pi
                   tan(---)
                        7
  R/r            = --------  = sec(pi/n) = 1.109916264174742 
                       %pi
                   sin(---)
                        7
                         %pi
                   7 cot(---)
                          7
  Area A         = ----------  ~ 3.633912444001589 
                       4
  Diagonals (k-step chord lengths, unit side): 
    d[ 1 ] = 1  ~ 1.0 
                 2 %pi
             sin(-----)
                   7
    d[ 2 ] = ----------  ~ 1.801937735804838 
                  %pi
              sin(---)
                   7
                 3 %pi
             sin(-----)
                   7
    d[ 3 ] = ----------  ~ 2.246979603717467 
                  %pi
              sin(---)
                   7
                 4 %pi
             sin(-----)
                   7
    d[ 4 ] = ----------  ~ 2.246979603717467 
                  %pi
              sin(---)
                   7
                 5 %pi
             sin(-----)
                   7
    d[ 5 ] = ----------  ~ 1.801937735804838 
                  %pi
              sin(---)
                   7
                 6 %pi
             sin(-----)
                   7
    d[ 6 ] = ----------  ~ 1.0 
                  %pi
              sin(---)
                   7
------------------------------------------------------------ 
[n =  7 ] Dihedral group D_n symmetries: 
                                   [ 0  0 ]
  S0 . R . S0 - R^{-1} (symbolic): [      ] 
                                   [ 0  0 ]
  S R S = R^{-1} verified. 
  |D_n| = 14 
  Conjugacy classes (n odd): 1 + (n-1)/2 + 1 = 5 
                                  (sum of sizes 1 + (n-1)/2 * 2 + n = 14 = 2n) 
  Irrep dim^2 sum (n odd): 2 + 2(n-1) = 14 (should = 2n = 14 ) 
------------------------------------------------------------ 
[n =  7 ] Graph Laplacians (star and cycle): 
  Star K_{1, 7 }: spectrum = {0, 1 (multiplicity 6 ), 8 } 
  Spectral gap = 1 (positive => connected). 
  Cycle C_ 7  Laplacian eigenvalues = 2 - 2 cos(2 pi k/n): 
   [0.0, 0.7530203962825328, 2.445041867912628, 3.801937735804838, 
                     3.801937735804838, 2.445041867912629, 0.7530203962825333] 
  Spectral gap of C_ 7  = 0.7530203962825328 
  [n = 7 ] iteration complete. 
------------------------------------------------------------ 
[n =  7 ] Inflation / substitution system: 
                          [ 2  1 ]
  Substitution matrix M = [      ] 
                          [ 4  3 ]
  Initial vector v0 = [ 1  0 ] 
  depth = 1 : tile counts = [ 2  4 ]   total = 6 
  depth = 2 : tile counts = [ 8  20 ]   total = 28 
  depth = 3 : tile counts = [ 36  92 ]   total = 128 
  depth = 4 : tile counts = [ 164  420 ]   total = 584 
  depth = 5 : tile counts = [ 748  1916 ]   total = 2664 
  depth = 6 : tile counts = [ 3412  8740 ]   total = 12152 
  Perron-Frobenius eigenvalue (inflation ratio) = 4.561552812808831 
  Tile-count growth rates (ratio at successive depths): 
   [4.666666666666667, 4.571428571428571, 4.5625, 4.561643835616438, 
                                                            4.561561561561562] 
  Converging to PF eigenvalue: 4.561552812808831 
  Tiles after 1 inflation step: 6 
  Fractal dimension estimate d_f = log(N)/log(lambda) = 1.180604229953251 
------------------------------------------------------------ 
[n =  7 ] Zeta functions and L-series: 
  Partial Riemann zeta(2) ( 40  terms) = 1.620243963006935   (exact pi^2/6 = 
                                                           1.644934066848226 ) 
  Partial Riemann zeta(3) ( 40  terms) = 1.201752118023676 
                                                    (Apery's constant ~ 1.202) 
  Partial Dedekind zeta_{Q(sqrt5)}(2) (primes <= 30) = 1.153470439104993 
  Partial Dedekind zeta_{Q(sqrt5)}(3) (primes <= 30) = 1.027407641683453 
  Ratio zeta_{Q(sqrt5)}(2) / zeta(2)^2 ~ (class number factor): 
    = 0.4393854233642092 
  Partial L(2, chi_5) ( 40  terms) = 0.7061989804245805 
  Partial L(3, chi_5) ( 40  terms) = 0.8548243026978557 
  Exact L(2, chi_5) = pi^2 / (5 sqrt(5)) ~ 0.8827642540746761 
  Functional equation (numerical check at s=0.7): 
    L(0.7) = 0.3154812660944506   L(0.3) = 0.140960360039939   ratio = 
                                                             2.238084990738273 
  Spectral zeta of C_ 7  at s=2: 3.999999999999998 
  Spectral zeta of C_ 7  at s=3: 4.857142857142856 
------------------------------------------------------------ 
[n =  7 ] Diffusion kernel and heat trace: 
  Heat trace Tr(e^{-t L}) for cycle C_ 7 : 
    t = 0.01 :  Tr = 6.862076869372268 
    t = 0.1 :  Tr = 5.788569861668015 
    t = 0.5 :  Tr = 3.260325489628616 
    t = 1.0 :  Tr = 2.159983880325649 
    t = 2.0 :  Tr = 1.459611296963702 
    t = 5.0 :  Tr = 1.046340320929952 
    t = 10.0 :  Tr = 1.001073257634518 
    t = 50.0 :  Tr = 1.0 
  Heat trace Tr(e^{-t L}) for star K_{1, 7 }: 
    t = 0.01 :  Tr = 7.863415348881644 
    t = 0.1 :  Tr = 6.878353472332979 
    t = 0.5 :  Tr = 4.657499597164535 
    t = 1.0 :  Tr = 3.207612109656556 
    t = 2.0 :  Tr = 1.812011811954851 
    t = 5.0 :  Tr = 1.040427681994512 
    t = 10.0 :  Tr = 1.000272399578575 
    t = 50.0 :  Tr = 1.0 
  Effective d_s from heat-trace slope (cycle C_ 7 ): 
    t in [ 0.01 , 0.1 ]:  d_s ~ 0.1477685992470463 
    t in [ 0.1 , 0.5 ]:  d_s ~ 0.7133648603180242 
    t in [ 0.5 , 1.0 ]:  d_s ~ 1.187990910243103 
    t in [ 1.0 , 2.0 ]:  d_s ~ 1.130872647342674 
    t in [ 2.0 , 5.0 ]:  d_s ~ 0.726563057758476 
    t in [ 5.0 , 10.0 ]:  d_s ~ 0.1276092191644283 
    t in [ 10.0 , 50.0 ]:  d_s ~ 0.001332989731400048 
  Short-time heat-trace asymptotics (2D Weyl law): 
    Tr(e^{-tL}) ~ (4 pi t)^{-1} * A + (4 pi t)^{-1/2} * B/6 + ... 
    t = 0.01 :  Weyl leading term = 7.957747154594768 
    t = 0.05 :  Weyl leading term = 1.591549430918953 
    t = 0.1 :  Weyl leading term = 0.7957747154594768 
  Heat kernel K_t(x) on R^2 (Gaussian, d=2): 
    t = 0.1 :  K(0) = 0.7957747154594768   K(1) = 0.0653211664234246   K(2) = 
                                                          3.612811618862161E-5 
    t = 1.0 :  K(0) = 0.07957747154594767   K(1) = 0.06197499715482649   K(2) =
                                                           0.02927491576215958 
    t = 10.0 :  K(0) = 0.007957747154594767   K(1) = 0.007761269677291536 
                                                   K(2) = 0.007200467388746533 
  Spectral zeta of C_ 7  at s=1,2,3: 
    s = 1 :  zeta_L = 4.0 
    s = 2 :  zeta_L = 3.999999999999998 
    s = 3 :  zeta_L = 4.857142857142856 
------------------------------------------------------------ 
[n =  7 ] Acceptance-window (cut-and-project) geometry: 
  Acceptance window: regular  7 -gon in perp space 
  Unit-cell area A_cell ~ 3.633912444001589 
  Acceptance densities (rho = window inradius): 
    rho = 0.5 :  density = 0.2319141134796165 
    rho = 1.0 :  density = 0.927656453918466 
    rho = 1.5 :  density = 2.087227021316548 
    rho = 2.0 :  density = 3.710625815673864 
  Window vertices (rho = 1): 
    v[ 0 ] = ( 1.0 , 0.0 ) 
    v[ 1 ] = ( 0.6234898018587336 , 0.7818314824680298 ) 
    v[ 2 ] = ( - 0.2225209339563143 , 0.9749279121818236 ) 
    v[ 3 ] = ( - 0.900968867902419 , 0.4338837391175582 ) 
    v[ 4 ] = ( - 0.9009688679024192 , - 0.433883739117558 ) 
    v[ 5 ] = ( - 0.2225209339563146 , - 0.9749279121818236 ) 
    v[ 6 ] = ( 0.6234898018587334 , - 0.7818314824680299 ) 
  Sample acceptance test (rho = 1, grid [-1.5, 1.5]^2, 20 x 20  grid): 
    Points inside window: 125 / 400   fraction = 0.3125 
    Expected fraction (A_window/A_box) = 0.3745580368503 
------------------------------------------------------------ 
[n =  7 ] Substitution sequences and symbolic dynamics: 
  Fibonacci word (substitution a->ab, b->a): 
    depth = 0 : length = 1   word = a 
    depth = 1 : length = 2   word = ab 
    depth = 2 : length = 3   word = aba 
    depth = 3 : length = 5   word = abaab 
    depth = 4 : length = 8   word = abaababa 
    depth = 5 : length = 13   word = abaababaabaab 
    depth = 6 : length = 21   word = abaababaabaababaababa 
  At depth 6 : |a| = 13   |b| = 8   |a|/|b| = 1.625   phi = 1.618033988749895 
  a/b ratio converging to phi: OK 
  Fibonacci word is Sturmian: complexity p(n) = n + 1 
  (minimum complexity for an aperiodic sequence) 
  Thue-Morse sequence (first 16 terms): 
   [0, 1, 1, 0, 1, 0, 0, 1, 1, 0, 0, 1, 0, 1, 1, 0] 
  Rudin-Shapiro sequence (first 16 terms): 
   [1, 1, 1, - 1, 1, 1, - 1, 1, 1, 1, 1, - 1, - 1, - 1, 1, - 1] 
                                 [ 1  1 ]
  Fibonacci substitution matrix: [      ] 
                                 [ 1  0 ]
                              2
  Characteristic polynomial: x  - x - 1 
  Eigenvalues: phi = 1.618033988749895  and psi = - 0.6180339887498949 
                                                        (roots of x^2 - x - 1) 
  PF eigenvalue = 1.618033988749895  (expected phi = 1.618033988749895 ) 
============================================================ 
N_GON = 8 
============================================================ 
                                    3 %pi
Interior angle theta = (n-2)*pi/n = -----  = 135.0 deg 
                                      4
                                   %pi
Exterior angle = 2*pi/n          = ---  = 45.0 deg 
                                    4
Flat-vertex count k_flat = floor(2*pi/theta) = 2 
                                   %pi
Angular deficit at k_flat copies = ---  = 90.0 deg 
                                    2
                                      %pi
Angular excess at (k_flat+1) copies = ---  = 45.0 deg 
                                       4
Smallest k>0 with k*theta = (integer)*2*pi:  k = 8 ,  accumulating  3 
                                                                    full turns 
------------------------------------------------------------ 
[n =  8 ] Angle summary: 
                            3 %pi
  Interior angle  theta   = -----  = 2.356194490192345  rad = 135.0  deg 
                              4
                            %pi
  Exterior angle          = ---  = 0.7853981633974483  rad 
                             4
                            %pi
  Central angle           = ---  = 0.7853981633974483  rad 
                             4
  Sum of interior angles  = 6 %pi 
                            3 %pi
  Avg interior angle      = ----- 
                              4
[n =  8 ] k-copy vertex-loop accumulation: 
                3 %pi     3
  k = 1 : sum = -----  =  - * 2pi  --  open 
                  4       8
                3 %pi     3
  k = 2 : sum = -----  =  - * 2pi  --  open 
                  2       4
                9 %pi     9
  k = 3 : sum = -----  =  - * 2pi  --  open 
                  4       8
                          3
  k = 4 : sum = 3 %pi  =  - * 2pi  --  open 
                          2
                15 %pi     15
  k = 5 : sum = ------  =  -- * 2pi  --  open 
                  4        8
                9 %pi     9
  k = 6 : sum = -----  =  - * 2pi  --  open 
                  2       4
                21 %pi     21
  k = 7 : sum = ------  =  -- * 2pi  --  open 
                  4        8
  k = 8 : sum = 6 %pi  =  3 * 2pi  --  CLOSES 
                27 %pi     27
  k = 9 : sum = ------  =  -- * 2pi  --  open 
                  4        8
                 15 %pi     15
  k = 10 : sum = ------  =  -- * 2pi  --  open 
                   2        4
                 33 %pi     33
  k = 11 : sum = ------  =  -- * 2pi  --  open 
                   4        8
                           9
  k = 12 : sum = 9 %pi  =  - * 2pi  --  open 
                           2
                 39 %pi     39
  k = 13 : sum = ------  =  -- * 2pi  --  open 
                   4        8
                 21 %pi     21
  k = 14 : sum = ------  =  -- * 2pi  --  open 
                   2        4
                 45 %pi     45
  k = 15 : sum = ------  =  -- * 2pi  --  open 
                   4        8
  k = 16 : sum = 12 %pi  =  6 * 2pi  --  CLOSES 
Smallest k with full closure: k = 8   (number of full turns = 3 ) 
------------------------------------------------------------ 
[n =  8 ] Cyclotomic / roots-of-unity structure: 
                                            2        4
  x^n - 1 factorization = (x - 1) (x + 1) (x  + 1) (x  + 1) 
  totient(n) = phi(n)   = 4   (degree of Q[zeta_n] over Q) 
  Real subfield degree  = 2   (degree of Q(zeta + zeta^{-1}) over Q) 
  Sum of all n-th roots (numeric) = 0.0  (expected 0 for n >= 2) 
  Sum of primitive n-th roots (numeric) = 0.0 ,  Moebius mu(n) = 0 
  2*cos(2*pi/n) = sqrt(2)  = 1.414213562373095 
                               (algebraic integer in real cyclotomic subfield) 
------------------------------------------------------------ 
[n =  8 ] Rotation matrix R (by exterior angle 2*pi/n): 
            [    1          1    ]
            [ -------  - ------- ]
            [ sqrt(2)    sqrt(2) ]
  Symbolic: [                    ] 
            [    1         1     ]
            [ -------   -------  ]
            [ sqrt(2)   sqrt(2)  ]
            [ 0.7071067811865475  - 0.7071067811865475 ]
  Numeric : [                                          ] 
            [ 0.7071067811865475   0.7071067811865475  ]
  det(R) = 1  (expected 1) 
  tr(R) = sqrt(2)  = 2 cos(2*pi/n) = 1.414213562373095 
                 [ 1.0  0.0 ]
  R^n  numeric = [          ]  (expected I) 
                 [ 0.0  1.0 ]
[n =  8 ] R^k traces (should equal 2 cos(2 pi k/n)): 
  k = 1 : tr(R^k) = 1.414213562373095  ~ 2cos( 1 *2pi/n) = 1.414213562373095 
  k = 2 : tr(R^k) = 0.0  ~ 2cos( 2 *2pi/n) = 0.0 
  k = 3 : tr(R^k) = - 1.414213562373095  ~ 2cos( 3 *2pi/n) = 
                                                           - 1.414213562373095 
  k = 4 : tr(R^k) = - 2.0  ~ 2cos( 4 *2pi/n) = - 2.0 
  k = 5 : tr(R^k) = - 1.414213562373095  ~ 2cos( 5 *2pi/n) = 
                                                           - 1.414213562373095 
  k = 6 : tr(R^k) = 0.0  ~ 2cos( 6 *2pi/n) = 0.0 
  k = 7 : tr(R^k) = 1.414213562373095  ~ 2cos( 7 *2pi/n) = 1.414213562373095 
  k = 8 : tr(R^k) = 2.0  ~ 2cos( 8 *2pi/n) = 2.0 
------------------------------------------------------------ 
[n =  8 ] PRIMARY BASIS VECTORS (unit circumradius, 
                            vertex 0 at top, CCW): 
  v[ 0 ] =  [0, 1]  ~  [0.0, 1.0] 
                  1        1
  v[ 1 ] =  [- -------, -------]  ~  [- 0.7071067811865475, 0.7071067811865475]
               sqrt(2)  sqrt(2)
                                                                               
  v[ 2 ] =  [- 1, 0]  ~  [- 1.0, 0.0] 
                  1          1
  v[ 3 ] =  [- -------, - -------]  ~  
               sqrt(2)    sqrt(2)
                                  [- 0.7071067811865475, - 0.7071067811865475] 
  v[ 4 ] =  [0, - 1]  ~  [0.0, - 1.0] 
                1          1
  v[ 5 ] =  [-------, - -------]  ~  [0.7071067811865475, - 0.7071067811865475]
             sqrt(2)    sqrt(2)
                                                                               
  v[ 6 ] =  [1, 0]  ~  [1.0, 0.0] 
                1        1
  v[ 7 ] =  [-------, -------]  ~  [0.7071067811865475, 0.7071067811865475] 
             sqrt(2)  sqrt(2)
[n =  8 ] EDGE VECTORS e[k] = v[k] - v[k-1] (unit circumradius): 
  e[ 1 ] (numeric) =  [- 0.7071067811865475, - 0.2928932188134525] 
  e[ 2 ] (numeric) =  [- 0.2928932188134525, - 0.7071067811865475] 
  e[ 3 ] (numeric) =  [0.2928932188134525, - 0.7071067811865475] 
  e[ 4 ] (numeric) =  [0.7071067811865475, - 0.2928932188134525] 
  e[ 5 ] (numeric) =  [0.7071067811865475, 0.2928932188134525] 
  e[ 6 ] (numeric) =  [0.2928932188134525, 0.7071067811865475] 
  e[ 7 ] (numeric) =  [- 0.2928932188134525, 0.7071067811865475] 
  e[ 8 ] (numeric) =  [- 0.7071067811865475, 0.2928932188134525] 
                                                    %pi
[n =  8 ] Side length (unit circumradius) s = 2 sin(---)  = 0.7653668647301796 
                                                     8
------------------------------------------------------------ 
[n =  8 ] Holonomy / spinor cover analysis: 
  Natural single-vortex fiber order = 8 
  Z_n single-vortex holonomy (n = 8 ) : 1 
  Required loop count to close fiber : 8 
[Anyonic case G = Z_n with n = 8 ]: 
  single-vortex holonomy = 1 
  loop order required    = 8  (expected 8 ) 
[n =  8 ] order(g, n) = n/gcd(g, n) check (g = 0..n-1): 
  All g in Z_n satisfy order(g) = n/gcd(g, n). 
[n =  8 ] Composite holonomy: Loop A = 3 , Loop B = 7 , Composite = 2 
                                                               , Sum mod n = 2 
------------------------------------------------------------ 
[n =  8 ] Cut-and-project ambient lattice Z^n: 
  C_n cyclic shift matrix: 
   [ 0  1  0  0  0  0  0  0 ]
   [                        ]
   [ 0  0  1  0  0  0  0  0 ]
   [                        ]
   [ 0  0  0  1  0  0  0  0 ]
   [                        ]
   [ 0  0  0  0  1  0  0  0 ]
   [                        ] 
   [ 0  0  0  0  0  1  0  0 ]
   [                        ]
   [ 0  0  0  0  0  0  1  0 ]
   [                        ]
   [ 0  0  0  0  0  0  0  1 ]
   [                        ]
   [ 1  0  0  0  0  0  0  0 ]
                   8
  charpoly(C_n) = x  - 1 
  C_n^n = I_n verified. 
  C_n is orthogonal: C_n . C_n^T = I_n. 
  C_n . (1,...,1)^T - (1,...,1)^T = [ 0  0  0  0  0  0  0  0 ] 
                                                              (should be zero) 
  Projectors P_diag, P_perp: idempotent, orthogonal, complete. 
  dim(orthogonal complement of diagonal) = 7  = n - 1 
[n =  8 ] REAL-INVARIANT 2D SUBSPACES V_k of C_n: 
  V_ 1  (rotation angle 2 pi * 1 /n = 0.7853981633974483 ): 
    u_ 1  (cos) = [1.0, 0.7071067811865475, 0.0, - 0.7071067811865475, - 1.0, 
                                - 0.7071067811865475, 0.0, 0.7071067811865475] 
    w_ 1  (sin) = [0.0, 0.7071067811865475, 1.0, 0.7071067811865475, 0.0, 
                            - 0.7071067811865475, - 1.0, - 0.7071067811865475] 
  V_ 2  (rotation angle 2 pi * 2 /n = 1.570796326794896 ): 
    u_ 2  (cos) = [1.0, 0.0, - 1.0, 0.0, 1.0, 0.0, - 1.0, 0.0] 
    w_ 2  (sin) = [0.0, 1.0, 0.0, - 1.0, 0.0, 1.0, 0.0, - 1.0] 
  V_ 3  (rotation angle 2 pi * 3 /n = 2.356194490192345 ): 
    u_ 3  (cos) = [1.0, - 0.7071067811865475, 0.0, 0.7071067811865475, - 1.0, 
                                0.7071067811865475, 0.0, - 0.7071067811865475] 
    w_ 3  (sin) = [0.0, 0.7071067811865475, - 1.0, 0.7071067811865475, 0.0, 
                              - 0.7071067811865475, 1.0, - 0.7071067811865475] 
  alternating-sign eigenvector (eigenvalue -1) = 
                                              [1, - 1, 1, - 1, 1, - 1, 1, - 1] 
  Physical 2D plane E_|| recommended = V_1. 
  Perp subspace E_perp = (diagonal) + 2 * 2D pieces + 1 alternating direction 
                                                           =>  dim(E_perp) = 6 
                       7
  ||pi_perp(e_1)||^2 = -  (= (n-1)/n) 
                       8
------------------------------------------------------------ 
[n =  8 ] CA rule-count analysis (degree k = n): 
  Binary outer-totalistic n-neighbor rules = 262144  (= 2^ 18 ) 
  Binary fully totalistic n-neighbor rules = 1024  (= 2^ 10 ) 
  Binary fully general    n-neighbor rules = 134078079299425970995740249982058\
461274793658205923933777235614437217640300735469768018742981669034276900318581\
86486050853753882811946569946433649006084096  (= 2^(2^ 9 )) 
  Reference: 4-OT = 1024 , 8-OT = 262144 
------------------------------------------------------------ 
[n =  8 ] Polygon geometry (side s = 1): 
                       1
  Circumradius R = ----------  ~ 1.306562964876376 
                         %pi
                   2 sin(---)
                          8
                       1
  Apothem      r = ----------  ~ 1.207106781186547 
                         %pi
                   2 tan(---)
                          8
                       %pi
                   tan(---)
                        8
  R/r            = --------  = sec(pi/n) = 1.082392200292394 
                       %pi
                   sin(---)
                        8
                         %pi
  Area A         = 2 cot(---)  ~ 4.82842712474619 
                          8
  Diagonals (k-step chord lengths, unit side): 
    d[ 1 ] = 1  ~ 1.0 
                    1
    d[ 2 ] = ----------------  ~ 1.847759065022573 
                         %pi
             sqrt(2) sin(---)
                          8
                 3 %pi
             sin(-----)
                   8
    d[ 3 ] = ----------  ~ 2.414213562373095 
                  %pi
              sin(---)
                   8
                1
    d[ 4 ] = --------  ~ 2.613125929752753 
                 %pi
             sin(---)
                  8
                 5 %pi
             sin(-----)
                   8
    d[ 5 ] = ----------  ~ 2.414213562373095 
                  %pi
              sin(---)
                   8
                    1
    d[ 6 ] = ----------------  ~ 1.847759065022573 
                         %pi
             sqrt(2) sin(---)
                          8
                 7 %pi
             sin(-----)
                   8
    d[ 7 ] = ----------  ~ 1.0 
                  %pi
              sin(---)
                   8
------------------------------------------------------------ 
[n =  8 ] Dihedral group D_n symmetries: 
                                   [ 0  0 ]
  S0 . R . S0 - R^{-1} (symbolic): [      ] 
                                   [ 0  0 ]
  S R S = R^{-1} verified. 
  |D_n| = 16 
  Conjugacy classes (n even): 1 + (n-2)/2 + 1 + 2 = 7 
                        (sum of sizes 1 + (n-2)/2 * 2 + 1 + 2*(n/2) = 16 = 2n) 
  Irrep dim^2 sum (n even): 4 + 2(n-2) = 16 (should = 2n = 16 ) 
------------------------------------------------------------ 
[n =  8 ] Graph Laplacians (star and cycle): 
  Star K_{1, 8 }: spectrum = {0, 1 (multiplicity 7 ), 9 } 
  Spectral gap = 1 (positive => connected). 
  Cycle C_ 8  Laplacian eigenvalues = 2 - 2 cos(2 pi k/n): 
   [0.0, 0.5857864376269049, 2.0, 3.414213562373095, 4.0, 3.414213562373095, 
                                                      2.0, 0.5857864376269049] 
  Spectral gap of C_ 8  = 0.5857864376269049 
  [n = 8 ] iteration complete. 
------------------------------------------------------------ 
[n =  8 ] Inflation / substitution system: 
                          [ 2  1 ]
  Substitution matrix M = [      ] 
                          [ 5  4 ]
  Initial vector v0 = [ 1  0 ] 
  depth = 1 : tile counts = [ 2  5 ]   total = 7 
  depth = 2 : tile counts = [ 9  30 ]   total = 39 
  depth = 3 : tile counts = [ 48  165 ]   total = 213 
  depth = 4 : tile counts = [ 261  900 ]   total = 1161 
  depth = 5 : tile counts = [ 1422  4905 ]   total = 6327 
  depth = 6 : tile counts = [ 7749  26730 ]   total = 34479 
  Perron-Frobenius eigenvalue (inflation ratio) = 5.449489742783178 
  Tile-count growth rates (ratio at successive depths): 
   [5.571428571428571, 5.461538461538462, 5.450704225352113, 
                                          5.449612403100775, 5.44950213371266] 
  Converging to PF eigenvalue: 5.449489742783178 
  Tiles after 1 inflation step: 7 
  Fractal dimension estimate d_f = log(N)/log(lambda) = 1.14767615697404 
------------------------------------------------------------ 
[n =  8 ] Zeta functions and L-series: 
  Partial Riemann zeta(2) ( 40  terms) = 1.620243963006935   (exact pi^2/6 = 
                                                           1.644934066848226 ) 
  Partial Riemann zeta(3) ( 40  terms) = 1.201752118023676 
                                                    (Apery's constant ~ 1.202) 
  Partial Dedekind zeta_{Q(sqrt5)}(2) (primes <= 30) = 1.153470439104993 
  Partial Dedekind zeta_{Q(sqrt5)}(3) (primes <= 30) = 1.027407641683453 
  Ratio zeta_{Q(sqrt5)}(2) / zeta(2)^2 ~ (class number factor): 
    = 0.4393854233642092 
  Partial L(2, chi_5) ( 40  terms) = 0.7061989804245805 
  Partial L(3, chi_5) ( 40  terms) = 0.8548243026978557 
  Exact L(2, chi_5) = pi^2 / (5 sqrt(5)) ~ 0.8827642540746761 
  Functional equation (numerical check at s=0.7): 
    L(0.7) = 0.3154812660944506   L(0.3) = 0.140960360039939   ratio = 
                                                             2.238084990738273 
  Spectral zeta of C_ 8  at s=2: 6.562500000000002 
  Spectral zeta of C_ 8  at s=3: 10.265625 
------------------------------------------------------------ 
[n =  8 ] Diffusion kernel and heat trace: 
  Heat trace Tr(e^{-t L}) for cycle C_ 8 : 
    t = 0.01 :  Tr = 7.84237356499688 
    t = 0.1 :  Tr = 6.615508413077887 
    t = 0.5 :  Tr = 3.726077447038532 
    t = 1.0 :  Tr = 2.468126559661773 
    t = 2.0 :  Tr = 1.658890172419578 
    t = 5.0 :  Tr = 1.106999052217716 
    t = 10.0 :  Tr = 1.00571468286848 
    t = 50.0 :  Tr = 1.000000000000381 
  Heat trace Tr(e^{-t L}) for star K_{1, 8 }: 
    t = 0.01 :  Tr = 8.844280021515404 
    t = 0.1 :  Tr = 7.740431585992316 
    t = 0.5 :  Tr = 5.256823614526676 
    t = 1.0 :  Tr = 3.575279498004183 
    t = 2.0 :  Tr = 1.947346997886268 
    t = 5.0 :  Tr = 1.047165628993598 
    t = 10.0 :  Tr = 1.000317799508337 
    t = 50.0 :  Tr = 1.0 
  Effective d_s from heat-trace slope (cycle C_ 8 ): 
    t in [ 0.01 , 0.1 ]:  d_s ~ 0.1477685992807882 
    t in [ 0.1 , 0.5 ]:  d_s ~ 0.7133678040662306 
    t in [ 0.5 , 1.0 ]:  d_s ~ 1.188482573705669 
    t in [ 1.0 , 2.0 ]:  d_s ~ 1.146395998366749 
    t in [ 2.0 , 5.0 ]:  d_s ~ 0.8828988361851989 
    t in [ 5.0 , 10.0 ]:  d_s ~ 0.2768658208045556 
    t in [ 10.0 , 50.0 ]:  d_s ~ 0.007081249879589125 
  Short-time heat-trace asymptotics (2D Weyl law): 
    Tr(e^{-tL}) ~ (4 pi t)^{-1} * A + (4 pi t)^{-1/2} * B/6 + ... 
    t = 0.01 :  Weyl leading term = 7.957747154594768 
    t = 0.05 :  Weyl leading term = 1.591549430918953 
    t = 0.1 :  Weyl leading term = 0.7957747154594768 
  Heat kernel K_t(x) on R^2 (Gaussian, d=2): 
    t = 0.1 :  K(0) = 0.7957747154594768   K(1) = 0.0653211664234246   K(2) = 
                                                          3.612811618862161E-5 
    t = 1.0 :  K(0) = 0.07957747154594767   K(1) = 0.06197499715482649   K(2) =
                                                           0.02927491576215958 
    t = 10.0 :  K(0) = 0.007957747154594767   K(1) = 0.007761269677291536 
                                                   K(2) = 0.007200467388746533 
  Spectral zeta of C_ 8  at s=1,2,3: 
    s = 1 :  zeta_L = 5.250000000000001 
    s = 2 :  zeta_L = 6.562500000000002 
    s = 3 :  zeta_L = 10.265625 
------------------------------------------------------------ 
[n =  8 ] Acceptance-window (cut-and-project) geometry: 
  Acceptance window: regular  8 -gon in perp space 
  Unit-cell area A_cell ~ 4.82842712474619 
  Acceptance densities (rho = window inradius): 
    rho = 0.5 :  density = 0.1715728752538099 
    rho = 1.0 :  density = 0.6862915010152396 
    rho = 1.5 :  density = 1.544155877284289 
    rho = 2.0 :  density = 2.745166004060958 
  Window vertices (rho = 1): 
    v[ 0 ] = ( 1.0 , 0.0 ) 
    v[ 1 ] = ( 0.7071067811865475 , 0.7071067811865475 ) 
    v[ 2 ] = ( 0.0 , 1.0 ) 
    v[ 3 ] = ( - 0.7071067811865475 , 0.7071067811865475 ) 
    v[ 4 ] = ( - 1.0 , 0.0 ) 
    v[ 5 ] = ( - 0.7071067811865475 , - 0.7071067811865475 ) 
    v[ 6 ] = ( 0.0 , - 1.0 ) 
    v[ 7 ] = ( 0.7071067811865475 , - 0.7071067811865475 ) 
  Sample acceptance test (rho = 1, grid [-1.5, 1.5]^2, 20 x 20  grid): 
    Points inside window: 129 / 400   fraction = 0.3225 
    Expected fraction (A_window/A_box) = 0.3681898332205289 
------------------------------------------------------------ 
[n =  8 ] Substitution sequences and symbolic dynamics: 
  Fibonacci word (substitution a->ab, b->a): 
    depth = 0 : length = 1   word = a 
    depth = 1 : length = 2   word = ab 
    depth = 2 : length = 3   word = aba 
    depth = 3 : length = 5   word = abaab 
    depth = 4 : length = 8   word = abaababa 
    depth = 5 : length = 13   word = abaababaabaab 
    depth = 6 : length = 21   word = abaababaabaababaababa 
  At depth 6 : |a| = 13   |b| = 8   |a|/|b| = 1.625   phi = 1.618033988749895 
  a/b ratio converging to phi: OK 
  Fibonacci word is Sturmian: complexity p(n) = n + 1 
  (minimum complexity for an aperiodic sequence) 
  Thue-Morse sequence (first 16 terms): 
   [0, 1, 1, 0, 1, 0, 0, 1, 1, 0, 0, 1, 0, 1, 1, 0] 
  Rudin-Shapiro sequence (first 16 terms): 
   [1, 1, 1, - 1, 1, 1, - 1, 1, 1, 1, 1, - 1, - 1, - 1, 1, - 1] 
                                 [ 1  1 ]
  Fibonacci substitution matrix: [      ] 
                                 [ 1  0 ]
                              2
  Characteristic polynomial: x  - x - 1 
  Eigenvalues: phi = 1.618033988749895  and psi = - 0.6180339887498949 
                                                        (roots of x^2 - x - 1) 
  PF eigenvalue = 1.618033988749895  (expected phi = 1.618033988749895 ) 
============================================================ 
N_GON = 9 
============================================================ 
                                    7 %pi
Interior angle theta = (n-2)*pi/n = -----  = 140.0 deg 
                                      9
                                   2 %pi
Exterior angle = 2*pi/n          = -----  = 40.0 deg 
                                     9
Flat-vertex count k_flat = floor(2*pi/theta) = 2 
                                   4 %pi
Angular deficit at k_flat copies = -----  = 80.0 deg 
                                     9
                                      %pi
Angular excess at (k_flat+1) copies = ---  = 60.0 deg 
                                       3
Smallest k>0 with k*theta = (integer)*2*pi:  k = 18 ,  accumulating  7 
                                                                    full turns 
------------------------------------------------------------ 
[n =  9 ] Angle summary: 
                            7 %pi
  Interior angle  theta   = -----  = 2.443460952792061  rad = 140.0  deg 
                              9
                            2 %pi
  Exterior angle          = -----  = 0.6981317007977318  rad 
                              9
                            2 %pi
  Central angle           = -----  = 0.6981317007977318  rad 
                              9
  Sum of interior angles  = 7 %pi 
                            7 %pi
  Avg interior angle      = ----- 
                              9
[n =  9 ] k-copy vertex-loop accumulation: 
                7 %pi     7
  k = 1 : sum = -----  =  -- * 2pi  --  open 
                  9       18
                14 %pi     7
  k = 2 : sum = ------  =  - * 2pi  --  open 
                  9        9
                7 %pi     7
  k = 3 : sum = -----  =  - * 2pi  --  open 
                  3       6
                28 %pi     14
  k = 4 : sum = ------  =  -- * 2pi  --  open 
                  9        9
                35 %pi     35
  k = 5 : sum = ------  =  -- * 2pi  --  open 
                  9        18
                14 %pi     7
  k = 6 : sum = ------  =  - * 2pi  --  open 
                  3        3
                49 %pi     49
  k = 7 : sum = ------  =  -- * 2pi  --  open 
                  9        18
                56 %pi     28
  k = 8 : sum = ------  =  -- * 2pi  --  open 
                  9        9
                          7
  k = 9 : sum = 7 %pi  =  - * 2pi  --  open 
                          2
                 70 %pi     35
  k = 10 : sum = ------  =  -- * 2pi  --  open 
                   9        9
                 77 %pi     77
  k = 11 : sum = ------  =  -- * 2pi  --  open 
                   9        18
                 28 %pi     14
  k = 12 : sum = ------  =  -- * 2pi  --  open 
                   3        3
                 91 %pi     91
  k = 13 : sum = ------  =  -- * 2pi  --  open 
                   9        18
                 98 %pi     49
  k = 14 : sum = ------  =  -- * 2pi  --  open 
                   9        9
                 35 %pi     35
  k = 15 : sum = ------  =  -- * 2pi  --  open 
                   3        6
                 112 %pi     56
  k = 16 : sum = -------  =  -- * 2pi  --  open 
                    9        9
                 119 %pi     119
  k = 17 : sum = -------  =  --- * 2pi  --  open 
                    9        18
  k = 18 : sum = 14 %pi  =  7 * 2pi  --  CLOSES 
Smallest k with full closure: k = 18   (number of full turns = 7 ) 
------------------------------------------------------------ 
[n =  9 ] Cyclotomic / roots-of-unity structure: 
                                    2            6    3
  x^n - 1 factorization = (x - 1) (x  + x + 1) (x  + x  + 1) 
  totient(n) = phi(n)   = 6   (degree of Q[zeta_n] over Q) 
  Real subfield degree  = 3   (degree of Q(zeta + zeta^{-1}) over Q) 
  Sum of all n-th roots (numeric) = 2.220446049250313E-16 
                                                       (expected 0 for n >= 2) 
  Sum of primitive n-th roots (numeric) = 2.220446049250313E-16 
                                                          ,  Moebius mu(n) = 0 
                        2 %pi
  2*cos(2*pi/n) = 2 cos(-----)  = 1.532088886237956 
                          9
                               (algebraic integer in real cyclotomic subfield) 
------------------------------------------------------------ 
[n =  9 ] Rotation matrix R (by exterior angle 2*pi/n): 
            [     2 %pi         2 %pi  ]
            [ cos(-----)  - sin(-----) ]
            [       9             9    ]
  Symbolic: [                          ] 
            [     2 %pi        2 %pi   ]
            [ sin(-----)   cos(-----)  ]
            [       9            9     ]
            [ 0.766044443118978   - 0.6427876096865393 ]
  Numeric : [                                          ] 
            [ 0.6427876096865393   0.766044443118978   ]
  det(R) = 1  (expected 1) 
                2 %pi
  tr(R) = 2 cos(-----)  = 2 cos(2*pi/n) = 1.532088886237956 
                  9
                 [    1.000000000000014     4.567280666993691E-15 ]
  R^n  numeric = [                                                ] 
                 [ - 4.567280666993691E-15    1.000000000000014   ]
                                                                  (expected I) 
[n =  9 ] R^k traces (should equal 2 cos(2 pi k/n)): 
  k = 1 : tr(R^k) = 1.532088886237956  ~ 2cos( 1 *2pi/n) = 1.532088886237956 
  k = 2 : tr(R^k) = 0.3472963553338606  ~ 2cos( 2 *2pi/n) = 0.3472963553338608 
  k = 3 : tr(R^k) = - 1.0  ~ 2cos( 3 *2pi/n) = - 1.0 
  k = 4 : tr(R^k) = - 1.879385241571816  ~ 2cos( 4 *2pi/n) = 
                                                           - 1.879385241571816 
  k = 5 : tr(R^k) = - 1.879385241571814  ~ 2cos( 5 *2pi/n) = 
                                                           - 1.879385241571816 
  k = 6 : tr(R^k) = - 0.9999999999999982  ~ 2cos( 6 *2pi/n) = - 1.0 
  k = 7 : tr(R^k) = 0.347296355333853  ~ 2cos( 7 *2pi/n) = 0.3472963553338599 
  k = 8 : tr(R^k) = 1.532088886237964  ~ 2cos( 8 *2pi/n) = 1.532088886237955 
  k = 9 : tr(R^k) = 2.000000000000028  ~ 2cos( 9 *2pi/n) = 2.0 
------------------------------------------------------------ 
[n =  9 ] PRIMARY BASIS VECTORS (unit circumradius, 
                            vertex 0 at top, CCW): 
  v[ 0 ] =  [0, 1]  ~  [0.0, 1.0] 
                 13 %pi       13 %pi
  v[ 1 ] =  [cos(------), sin(------)]  ~  
                   18           18
                                     [- 0.6427876096865394, 0.766044443118978] 
                 17 %pi       17 %pi
  v[ 2 ] =  [cos(------), sin(------)]  ~  
                   18           18
                                     [- 0.984807753012208, 0.1736481776669307] 
               sqrt(3)    1
  v[ 3 ] =  [- -------, - -]  ~  [- 0.8660254037844386, - 0.5] 
                  2       2
                 25 %pi       25 %pi
  v[ 4 ] =  [cos(------), sin(------)]  ~  
                   18           18
                                  [- 0.3420201433256694, - 0.9396926207859082] 
                 29 %pi       29 %pi
  v[ 5 ] =  [cos(------), sin(------)]  ~  
                   18           18
                                     [0.342020143325669, - 0.9396926207859083] 
             sqrt(3)    1
  v[ 6 ] =  [-------, - -]  ~  [0.8660254037844386, - 0.5] 
                2       2
                 37 %pi       37 %pi
  v[ 7 ] =  [cos(------), sin(------)]  ~  
                   18           18
                                      [0.9848077530122081, 0.1736481776669299] 
                 41 %pi       41 %pi
  v[ 8 ] =  [cos(------), sin(------)]  ~  
                   18           18
                                      [0.6427876096865396, 0.7660444431189778] 
[n =  9 ] EDGE VECTORS e[k] = v[k] - v[k-1] (unit circumradius): 
  e[ 1 ] (numeric) =  [- 0.6427876096865394, - 0.233955556881022] 
  e[ 2 ] (numeric) =  [- 0.3420201433256686, - 0.5923962654520474] 
  e[ 3 ] (numeric) =  [0.1187823492277694, - 0.6736481776669308] 
  e[ 4 ] (numeric) =  [0.5240052604587693, - 0.4396926207859082] 
  e[ 5 ] (numeric) =  [0.6840402866513384, - 1.110223024625156E-16] 
  e[ 6 ] (numeric) =  [0.5240052604587696, 0.4396926207859083] 
  e[ 7 ] (numeric) =  [0.1187823492277695, 0.6736481776669299] 
  e[ 8 ] (numeric) =  [- 0.3420201433256685, 0.5923962654520478] 
  e[ 9 ] (numeric) =  [- 0.6427876096865396, 0.2339555568810222] 
                                                    %pi
[n =  9 ] Side length (unit circumradius) s = 2 sin(---)  = 0.6840402866513374 
                                                     9
------------------------------------------------------------ 
[n =  9 ] Holonomy / spinor cover analysis: 
  Natural single-vortex fiber order = 18 
  Z_n single-vortex holonomy (n = 18 ) : 1 
  Required loop count to close fiber : 18 
[Anyonic case G = Z_n with n = 9 ]: 
  single-vortex holonomy = 1 
  loop order required    = 9  (expected 9 ) 
[n =  9 ] order(g, n) = n/gcd(g, n) check (g = 0..n-1): 
  All g in Z_n satisfy order(g) = n/gcd(g, n). 
[n =  9 ] Composite holonomy: Loop A = 3 , Loop B = 7 , Composite = 1 
                                                               , Sum mod n = 1 
------------------------------------------------------------ 
[n =  9 ] Cut-and-project ambient lattice Z^n: 
  C_n cyclic shift matrix: 
   [ 0  1  0  0  0  0  0  0  0 ]
   [                           ]
   [ 0  0  1  0  0  0  0  0  0 ]
   [                           ]
   [ 0  0  0  1  0  0  0  0  0 ]
   [                           ]
   [ 0  0  0  0  1  0  0  0  0 ]
   [                           ]
   [ 0  0  0  0  0  1  0  0  0 ] 
   [                           ]
   [ 0  0  0  0  0  0  1  0  0 ]
   [                           ]
   [ 0  0  0  0  0  0  0  1  0 ]
   [                           ]
   [ 0  0  0  0  0  0  0  0  1 ]
   [                           ]
   [ 1  0  0  0  0  0  0  0  0 ]
                       9
  charpoly(C_n) = 1 - x  
  C_n^n = I_n verified. 
  C_n is orthogonal: C_n . C_n^T = I_n. 
  C_n . (1,...,1)^T - (1,...,1)^T = [ 0  0  0  0  0  0  0  0  0 ] 
                                                              (should be zero) 
  Projectors P_diag, P_perp: idempotent, orthogonal, complete. 
  dim(orthogonal complement of diagonal) = 8  = n - 1 
[n =  9 ] REAL-INVARIANT 2D SUBSPACES V_k of C_n: 
  V_ 1  (rotation angle 2 pi * 1 /n = 0.6981317007977318 ): 
    u_ 1  (cos) = [1.0, 0.766044443118978, 0.1736481776669304, - 0.5, 
- 0.9396926207859083, - 0.9396926207859084, - 0.5, 0.1736481776669299, 
0.7660444431189778] 
    w_ 1  (sin) = [0.0, 0.6427876096865393, 0.984807753012208, 
0.8660254037844386, 0.3420201433256689, - 0.3420201433256686, 
- 0.8660254037844386, - 0.9848077530122081, - 0.6427876096865396] 
  V_ 2  (rotation angle 2 pi * 2 /n = 1.396263401595463 ): 
    u_ 2  (cos) = [1.0, 0.1736481776669304, - 0.9396926207859083, - 0.5, 
0.7660444431189778, 0.7660444431189781, - 0.5, - 0.9396926207859087, 
0.1736481776669297] 
    w_ 2  (sin) = [0.0, 0.984807753012208, 0.3420201433256689, 
- 0.8660254037844386, - 0.6427876096865396, 0.6427876096865391, 
0.8660254037844386, - 0.342020143325668, - 0.9848077530122081] 
  V_ 3  (rotation angle 2 pi * 3 /n = 2.094395102393195 ): 
    u_ 3  (cos) = [1.0, - 0.5, - 0.5, 1.0, - 0.5, - 0.5, 1.0, - 0.5, - 0.5] 
    w_ 3  (sin) = [0.0, 0.8660254037844386, - 0.8660254037844386, 0.0, 
0.8660254037844386, - 0.8660254037844386, 0.0, 0.8660254037844386, 
- 0.8660254037844386] 
  V_ 4  (rotation angle 2 pi * 4 /n = 2.792526803190927 ): 
    u_ 4  (cos) = [1.0, - 0.9396926207859083, 0.7660444431189778, - 0.5, 
0.1736481776669297, 0.1736481776669307, - 0.5, 0.766044443118979, 
- 0.9396926207859089] 
    w_ 4  (sin) = [0.0, 0.3420201433256689, - 0.6427876096865396, 
0.8660254037844386, - 0.9848077530122081, 0.984807753012208, 
- 0.8660254037844386, 0.6427876096865381, - 0.3420201433256675] 
  Physical 2D plane E_|| recommended = V_1. 
  Perp subspace E_perp = (diagonal) + 3 * 2D pieces + 0 alternating directions 
                                                           =>  dim(E_perp) = 7 
                       8
  ||pi_perp(e_1)||^2 = -  (= (n-1)/n) 
                       9
------------------------------------------------------------ 
[n =  9 ] CA rule-count analysis (degree k = n): 
  Binary outer-totalistic n-neighbor rules = 1048576  (= 2^ 20 ) 
  Binary fully totalistic n-neighbor rules = 2048  (= 2^ 11 ) 
  Binary fully general    n-neighbor rules = 179769313486231590772930519078902\
473361797697894230657273430081157732675805500963132708477322407536021120113879\
871393357658789768814416622492847430639474124377767893424865485276302219601246\
094119453082952085005768838150682342462881473913110540827237163350510684586298\
239947245938479716304835356329624224137216  (= 2^(2^ 10 )) 
  Reference: 4-OT = 1024 , 8-OT = 262144 
------------------------------------------------------------ 
[n =  9 ] Polygon geometry (side s = 1): 
                       1
  Circumradius R = ----------  ~ 1.461902200081543 
                         %pi
                   2 sin(---)
                          9
                       1
  Apothem      r = ----------  ~ 1.373738709727311 
                         %pi
                   2 tan(---)
                          9
                       %pi
                   tan(---)
                        9
  R/r            = --------  = sec(pi/n) = 1.064177772475912 
                       %pi
                   sin(---)
                        9
                         %pi
                   9 cot(---)
                          9
  Area A         = ----------  ~ 6.181824193772901 
                       4
  Diagonals (k-step chord lengths, unit side): 
    d[ 1 ] = 1  ~ 1.0 
                 2 %pi
             sin(-----)
                   9
    d[ 2 ] = ----------  ~ 1.879385241571816 
                  %pi
              sin(---)
                   9
              sqrt(3)
    d[ 3 ] = ----------  ~ 2.532088886237956 
                   %pi
             2 sin(---)
                    9
                 4 %pi
             sin(-----)
                   9
    d[ 4 ] = ----------  ~ 2.879385241571817 
                  %pi
              sin(---)
                   9
                 5 %pi
             sin(-----)
                   9
    d[ 5 ] = ----------  ~ 2.879385241571817 
                  %pi
              sin(---)
                   9
              sqrt(3)
    d[ 6 ] = ----------  ~ 2.532088886237956 
                   %pi
             2 sin(---)
                    9
                 7 %pi
             sin(-----)
                   9
    d[ 7 ] = ----------  ~ 1.879385241571817 
                  %pi
              sin(---)
                   9
                 8 %pi
             sin(-----)
                   9
    d[ 8 ] = ----------  ~ 1.0 
                  %pi
              sin(---)
                   9
------------------------------------------------------------ 
[n =  9 ] Dihedral group D_n symmetries: 
                                   [ 0  0 ]
  S0 . R . S0 - R^{-1} (symbolic): [      ] 
                                   [ 0  0 ]
  S R S = R^{-1} verified. 
  |D_n| = 18 
  Conjugacy classes (n odd): 1 + (n-1)/2 + 1 = 6 
                                  (sum of sizes 1 + (n-1)/2 * 2 + n = 18 = 2n) 
  Irrep dim^2 sum (n odd): 2 + 2(n-1) = 18 (should = 2n = 18 ) 
------------------------------------------------------------ 
[n =  9 ] Graph Laplacians (star and cycle): 
  Star K_{1, 9 }: spectrum = {0, 1 (multiplicity 8 ), 10 } 
  Spectral gap = 1 (positive => connected). 
  Cycle C_ 9  Laplacian eigenvalues = 2 - 2 cos(2 pi k/n): 
   [0.0, 0.467911113762044, 1.652703644666139, 3.0, 3.879385241571817, 
                 3.879385241571817, 3.0, 1.65270364466614, 0.4679111137620444] 
  Spectral gap of C_ 9  = 0.467911113762044 
  [n = 9 ] iteration complete. 
------------------------------------------------------------ 
[n =  9 ] Inflation / substitution system: 
                          [ 2  1 ]
  Substitution matrix M = [      ] 
                          [ 6  5 ]
  Initial vector v0 = [ 1  0 ] 
  depth = 1 : tile counts = [ 2  6 ]   total = 8 
  depth = 2 : tile counts = [ 10  42 ]   total = 52 
  depth = 3 : tile counts = [ 62  270 ]   total = 332 
  depth = 4 : tile counts = [ 394  1722 ]   total = 2116 
  depth = 5 : tile counts = [ 2510  10974 ]   total = 13484 
  depth = 6 : tile counts = [ 15994  69930 ]   total = 85924 
  Perron-Frobenius eigenvalue (inflation ratio) = 6.372281323269014 
  Tile-count growth rates (ratio at successive depths): 
   [6.5, 6.384615384615385, 6.373493975903615, 6.372400756143667, 
                                                             6.37229308810442] 
  Converging to PF eigenvalue: 6.372281323269014 
  Tiles after 1 inflation step: 8 
  Fractal dimension estimate d_f = log(N)/log(lambda) = 1.122834349954022 
------------------------------------------------------------ 
[n =  9 ] Zeta functions and L-series: 
  Partial Riemann zeta(2) ( 40  terms) = 1.620243963006935   (exact pi^2/6 = 
                                                           1.644934066848226 ) 
  Partial Riemann zeta(3) ( 40  terms) = 1.201752118023676 
                                                    (Apery's constant ~ 1.202) 
  Partial Dedekind zeta_{Q(sqrt5)}(2) (primes <= 30) = 1.153470439104993 
  Partial Dedekind zeta_{Q(sqrt5)}(3) (primes <= 30) = 1.027407641683453 
  Ratio zeta_{Q(sqrt5)}(2) / zeta(2)^2 ~ (class number factor): 
    = 0.4393854233642092 
  Partial L(2, chi_5) ( 40  terms) = 0.7061989804245805 
  Partial L(3, chi_5) ( 40  terms) = 0.8548243026978557 
  Exact L(2, chi_5) = pi^2 / (5 sqrt(5)) ~ 0.8827642540746761 
  Functional equation (numerical check at s=0.7): 
    L(0.7) = 0.3154812660944506   L(0.3) = 0.140960360039939   ratio = 
                                                             2.238084990738273 
  Spectral zeta of C_ 9  at s=2: 10.22222222222221 
  Spectral zeta of C_ 9  at s=3: 20.07407407407404 
------------------------------------------------------------ 
[n =  9 ] Diffusion kernel and heat trace: 
  Heat trace Tr(e^{-t L}) for cycle C_ 9 : 
    t = 0.01 :  Tr = 8.82267026062149 
    t = 0.1 :  Tr = 7.442446964709004 
    t = 0.5 :  Tr = 4.191836504884576 
    t = 1.0 :  Tr = 2.776582318726744 
    t = 2.0 :  Tr = 1.863706408788316 
    t = 5.0 :  Tr = 1.193257037983336 
    t = 10.0 :  Tr = 1.018574663511058 
    t = 50.0 :  Tr = 1.000000000138187 
  Heat trace Tr(e^{-t L}) for star K_{1, 9 }: 
    t = 0.01 :  Tr = 9.825236088029305 
    t = 0.1 :  Tr = 8.606578785459119 
    t = 0.5 :  Tr = 5.858983224700153 
    t = 1.0 :  Tr = 3.943080929301301 
    t = 2.0 :  Tr = 2.082682267954055 
    t = 5.0 :  Tr = 1.053903575992683 
    t = 10.0 :  Tr = 1.0003631994381 
    t = 50.0 :  Tr = 1.0 
  Effective d_s from heat-trace slope (cycle C_ 9 ): 
    t in [ 0.01 , 0.1 ]:  d_s ~ 0.1477685992812104 
    t in [ 0.1 , 0.5 ]:  d_s ~ 0.7133679887639652 
    t in [ 0.5 , 1.0 ]:  d_s ~ 1.188544558712943 
    t in [ 1.0 , 2.0 ]:  d_s ~ 1.15027111983543 
    t in [ 2.0 , 5.0 ]:  d_s ~ 0.9732295815792532 
    t in [ 5.0 , 10.0 ]:  d_s ~ 0.4567062181468683 
    t in [ 10.0 , 50.0 ]:  d_s ~ 0.02287042083827443 
  Short-time heat-trace asymptotics (2D Weyl law): 
    Tr(e^{-tL}) ~ (4 pi t)^{-1} * A + (4 pi t)^{-1/2} * B/6 + ... 
    t = 0.01 :  Weyl leading term = 7.957747154594768 
    t = 0.05 :  Weyl leading term = 1.591549430918953 
    t = 0.1 :  Weyl leading term = 0.7957747154594768 
  Heat kernel K_t(x) on R^2 (Gaussian, d=2): 
    t = 0.1 :  K(0) = 0.7957747154594768   K(1) = 0.0653211664234246   K(2) = 
                                                          3.612811618862161E-5 
    t = 1.0 :  K(0) = 0.07957747154594767   K(1) = 0.06197499715482649   K(2) =
                                                           0.02927491576215958 
    t = 10.0 :  K(0) = 0.007957747154594767   K(1) = 0.007761269677291536 
                                                   K(2) = 0.007200467388746533 
  Spectral zeta of C_ 9  at s=1,2,3: 
    s = 1 :  zeta_L = 6.666666666666663 
    s = 2 :  zeta_L = 10.22222222222221 
    s = 3 :  zeta_L = 20.07407407407404 
------------------------------------------------------------ 
[n =  9 ] Acceptance-window (cut-and-project) geometry: 
  Acceptance window: regular  9 -gon in perp space 
  Unit-cell area A_cell ~ 6.181824193772901 
  Acceptance densities (rho = window inradius): 
    rho = 0.5 :  density = 0.1324743314317942 
    rho = 1.0 :  density = 0.5298973257271769 
    rho = 1.5 :  density = 1.192268982886148 
    rho = 2.0 :  density = 2.119589302908707 
  Window vertices (rho = 1): 
    v[ 0 ] = ( 1.0 , 0.0 ) 
    v[ 1 ] = ( 0.766044443118978 , 0.6427876096865393 ) 
    v[ 2 ] = ( 0.1736481776669304 , 0.984807753012208 ) 
    v[ 3 ] = ( - 0.5 , 0.8660254037844386 ) 
    v[ 4 ] = ( - 0.9396926207859083 , 0.3420201433256689 ) 
    v[ 5 ] = ( - 0.9396926207859084 , - 0.3420201433256686 ) 
    v[ 6 ] = ( - 0.5 , - 0.8660254037844386 ) 
    v[ 7 ] = ( 0.1736481776669299 , - 0.9848077530122081 ) 
    v[ 8 ] = ( 0.7660444431189778 , - 0.6427876096865396 ) 
  Sample acceptance test (rho = 1, grid [-1.5, 1.5]^2, 20 x 20  grid): 
    Points inside window: 129 / 400   fraction = 0.3225 
    Expected fraction (A_window/A_box) = 0.3639702342662023 
------------------------------------------------------------ 
[n =  9 ] Substitution sequences and symbolic dynamics: 
  Fibonacci word (substitution a->ab, b->a): 
    depth = 0 : length = 1   word = a 
    depth = 1 : length = 2   word = ab 
    depth = 2 : length = 3   word = aba 
    depth = 3 : length = 5   word = abaab 
    depth = 4 : length = 8   word = abaababa 
    depth = 5 : length = 13   word = abaababaabaab 
    depth = 6 : length = 21   word = abaababaabaababaababa 
  At depth 6 : |a| = 13   |b| = 8   |a|/|b| = 1.625   phi = 1.618033988749895 
  a/b ratio converging to phi: OK 
  Fibonacci word is Sturmian: complexity p(n) = n + 1 
  (minimum complexity for an aperiodic sequence) 
  Thue-Morse sequence (first 16 terms): 
   [0, 1, 1, 0, 1, 0, 0, 1, 1, 0, 0, 1, 0, 1, 1, 0] 
  Rudin-Shapiro sequence (first 16 terms): 
   [1, 1, 1, - 1, 1, 1, - 1, 1, 1, 1, 1, - 1, - 1, - 1, 1, - 1] 
                                 [ 1  1 ]
  Fibonacci substitution matrix: [      ] 
                                 [ 1  0 ]
                              2
  Characteristic polynomial: x  - x - 1 
  Eigenvalues: phi = 1.618033988749895  and psi = - 0.6180339887498949 
                                                        (roots of x^2 - x - 1) 
  PF eigenvalue = 1.618033988749895  (expected phi = 1.618033988749895 ) 
============================================================ 
N_GON = 10 
============================================================ 
                                    4 %pi
Interior angle theta = (n-2)*pi/n = -----  = 144.0 deg 
                                      5
                                   %pi
Exterior angle = 2*pi/n          = ---  = 36.0 deg 
                                    5
Flat-vertex count k_flat = floor(2*pi/theta) = 2 
                                   2 %pi
Angular deficit at k_flat copies = -----  = 72.0 deg 
                                     5
                                      2 %pi
Angular excess at (k_flat+1) copies = -----  = 72.0 deg 
                                        5
Smallest k>0 with k*theta = (integer)*2*pi:  k = 5 ,  accumulating  2 
                                                                    full turns 
------------------------------------------------------------ 
[n =  10 ] Angle summary: 
                            4 %pi
  Interior angle  theta   = -----  = 2.513274122871834  rad = 144.0  deg 
                              5
                            %pi
  Exterior angle          = ---  = 0.6283185307179586  rad 
                             5
                            %pi
  Central angle           = ---  = 0.6283185307179586  rad 
                             5
  Sum of interior angles  = 8 %pi 
                            4 %pi
  Avg interior angle      = ----- 
                              5
[n =  10 ] k-copy vertex-loop accumulation: 
                4 %pi     2
  k = 1 : sum = -----  =  - * 2pi  --  open 
                  5       5
                8 %pi     4
  k = 2 : sum = -----  =  - * 2pi  --  open 
                  5       5
                12 %pi     6
  k = 3 : sum = ------  =  - * 2pi  --  open 
                  5        5
                16 %pi     8
  k = 4 : sum = ------  =  - * 2pi  --  open 
                  5        5
  k = 5 : sum = 4 %pi  =  2 * 2pi  --  CLOSES 
                24 %pi     12
  k = 6 : sum = ------  =  -- * 2pi  --  open 
                  5        5
                28 %pi     14
  k = 7 : sum = ------  =  -- * 2pi  --  open 
                  5        5
                32 %pi     16
  k = 8 : sum = ------  =  -- * 2pi  --  open 
                  5        5
                36 %pi     18
  k = 9 : sum = ------  =  -- * 2pi  --  open 
                  5        5
  k = 10 : sum = 8 %pi  =  4 * 2pi  --  CLOSES 
                 44 %pi     22
  k = 11 : sum = ------  =  -- * 2pi  --  open 
                   5        5
                 48 %pi     24
  k = 12 : sum = ------  =  -- * 2pi  --  open 
                   5        5
                 52 %pi     26
  k = 13 : sum = ------  =  -- * 2pi  --  open 
                   5        5
                 56 %pi     28
  k = 14 : sum = ------  =  -- * 2pi  --  open 
                   5        5
  k = 15 : sum = 12 %pi  =  6 * 2pi  --  CLOSES 
                 64 %pi     32
  k = 16 : sum = ------  =  -- * 2pi  --  open 
                   5        5
                 68 %pi     34
  k = 17 : sum = ------  =  -- * 2pi  --  open 
                   5        5
                 72 %pi     36
  k = 18 : sum = ------  =  -- * 2pi  --  open 
                   5        5
                 76 %pi     38
  k = 19 : sum = ------  =  -- * 2pi  --  open 
                   5        5
  k = 20 : sum = 16 %pi  =  8 * 2pi  --  CLOSES 
Smallest k with full closure: k = 5   (number of full turns = 2 ) 
------------------------------------------------------------ 
[n =  10 ] Cyclotomic / roots-of-unity structure: 
                                            4    3    2
  x^n - 1 factorization = (x - 1) (x + 1) (x  - x  + x  - x + 1)
                                                          4    3    2
                                                        (x  + x  + x  + x + 1) 
  totient(n) = phi(n)   = 4   (degree of Q[zeta_n] over Q) 
  Real subfield degree  = 2   (degree of Q(zeta + zeta^{-1}) over Q) 
  Sum of all n-th roots (numeric) = 4.440892098500626E-16 
                                                       (expected 0 for n >= 2) 
  Sum of primitive n-th roots (numeric) = 1.0 ,  Moebius mu(n) = 1 
                        %pi
  2*cos(2*pi/n) = 2 cos(---)  = 1.618033988749895 
                         5
                               (algebraic integer in real cyclotomic subfield) 
------------------------------------------------------------ 
[n =  10 ] Rotation matrix R (by exterior angle 2*pi/n): 
            [     %pi         %pi  ]
            [ cos(---)  - sin(---) ]
            [      5           5   ]
  Symbolic: [                      ] 
            [     %pi        %pi   ]
            [ sin(---)   cos(---)  ]
            [      5          5    ]
            [ 0.8090169943749475  - 0.5877852522924731 ]
  Numeric : [                                          ] 
            [ 0.5877852522924731   0.8090169943749475  ]
  det(R) = 1  (expected 1) 
                %pi
  tr(R) = 2 cos(---)  = 2 cos(2*pi/n) = 1.618033988749895 
                 5
                 [           1.0            8.352930824066692E-15 ]
  R^n  numeric = [                                                ] 
                 [ - 8.352930824066692E-15           1.0          ]
                                                                  (expected I) 
[n =  10 ] R^k traces (should equal 2 cos(2 pi k/n)): 
  k = 1 : tr(R^k) = 1.618033988749895  ~ 2cos( 1 *2pi/n) = 1.618033988749895 
  k = 2 : tr(R^k) = 0.6180339887498949  ~ 2cos( 2 *2pi/n) = 0.6180339887498949 
  k = 3 : tr(R^k) = - 0.6180339887498949  ~ 2cos( 3 *2pi/n) = 
                                                          - 0.6180339887498947 
  k = 4 : tr(R^k) = - 1.618033988749895  ~ 2cos( 4 *2pi/n) = 
                                                           - 1.618033988749894 
  k = 5 : tr(R^k) = - 2.0  ~ 2cos( 5 *2pi/n) = - 2.0 
  k = 6 : tr(R^k) = - 1.618033988749893  ~ 2cos( 6 *2pi/n) = 
                                                           - 1.618033988749895 
  k = 7 : tr(R^k) = - 0.6180339887498967  ~ 2cos( 7 *2pi/n) = 
                                                          - 0.6180339887498951 
  k = 8 : tr(R^k) = 0.6180339887499002  ~ 2cos( 8 *2pi/n) = 0.6180339887498945 
  k = 9 : tr(R^k) = 1.6180339887499  ~ 2cos( 9 *2pi/n) = 1.618033988749894 
  k = 10 : tr(R^k) = 2.0  ~ 2cos( 10 *2pi/n) = 2.0 
------------------------------------------------------------ 
[n =  10 ] PRIMARY BASIS VECTORS (unit circumradius, 
                            vertex 0 at top, CCW): 
  v[ 0 ] =  [0, 1]  ~  [0.0, 1.0] 
                 7 %pi       7 %pi
  v[ 1 ] =  [cos(-----), sin(-----)]  ~  
                  10          10
                                     [- 0.587785252292473, 0.8090169943749475] 
                 9 %pi       9 %pi
  v[ 2 ] =  [cos(-----), sin(-----)]  ~  
                  10          10
                                    [- 0.9510565162951535, 0.3090169943749475] 
                 11 %pi       11 %pi
  v[ 3 ] =  [cos(------), sin(------)]  ~  
                   10           10
                                  [- 0.9510565162951535, - 0.3090169943749477] 
                 13 %pi       13 %pi
  v[ 4 ] =  [cos(------), sin(------)]  ~  
                   10           10
                                  [- 0.5877852522924733, - 0.8090169943749473] 
  v[ 5 ] =  [0, - 1]  ~  [0.0, - 1.0] 
                 17 %pi       17 %pi
  v[ 6 ] =  [cos(------), sin(------)]  ~  
                   10           10
                                    [0.5877852522924729, - 0.8090169943749476] 
                 19 %pi       19 %pi
  v[ 7 ] =  [cos(------), sin(------)]  ~  
                   10           10
                                    [0.9510565162951535, - 0.3090169943749476] 
                 21 %pi       21 %pi
  v[ 8 ] =  [cos(------), sin(------)]  ~  
                   10           10
                                      [0.9510565162951536, 0.3090169943749472] 
                 23 %pi       23 %pi
  v[ 9 ] =  [cos(------), sin(------)]  ~  
                   10           10
                                       [0.587785252292474, 0.8090169943749468] 
[n =  10 ] EDGE VECTORS e[k] = v[k] - v[k-1] (unit circumradius): 
  e[ 1 ] (numeric) =  [- 0.587785252292473, - 0.1909830056250525] 
  e[ 2 ] (numeric) =  [- 0.3632712640026805, - 0.4999999999999999] 
  e[ 3 ] (numeric) =  [0.0, - 0.6180339887498952] 
  e[ 4 ] (numeric) =  [0.3632712640026803, - 0.4999999999999996] 
  e[ 5 ] (numeric) =  [0.5877852522924733, - 0.1909830056250526] 
  e[ 6 ] (numeric) =  [0.5877852522924729, 0.1909830056250524] 
  e[ 7 ] (numeric) =  [0.3632712640026806, 0.4999999999999999] 
  e[ 8 ] (numeric) =  [1.110223024625156E-16, 0.6180339887498948] 
  e[ 9 ] (numeric) =  [- 0.3632712640026796, 0.4999999999999996] 
  e[ 10 ] (numeric) =  [- 0.587785252292474, 0.1909830056250532] 
                                                     %pi
[n =  10 ] Side length (unit circumradius) s = 2 sin(---)  = 0.6180339887498948
                                                     10
                                                                               
------------------------------------------------------------ 
[n =  10 ] Holonomy / spinor cover analysis: 
  Natural single-vortex fiber order = 5 
  Z_n single-vortex holonomy (n = 5 ) : 1 
  Required loop count to close fiber : 5 
[Anyonic case G = Z_n with n = 10 ]: 
  single-vortex holonomy = 1 
  loop order required    = 10  (expected 10 ) 
[n =  10 ] order(g, n) = n/gcd(g, n) check (g = 0..n-1): 
  All g in Z_n satisfy order(g) = n/gcd(g, n). 
[n =  10 ] Composite holonomy: Loop A = 3 , Loop B = 7 , Composite = 0 
                                                               , Sum mod n = 0 
------------------------------------------------------------ 
[n =  10 ] Cut-and-project ambient lattice Z^n: 
  C_n cyclic shift matrix: 
   [ 0  1  0  0  0  0  0  0  0  0 ]
   [                              ]
   [ 0  0  1  0  0  0  0  0  0  0 ]
   [                              ]
   [ 0  0  0  1  0  0  0  0  0  0 ]
   [                              ]
   [ 0  0  0  0  1  0  0  0  0  0 ]
   [                              ]
   [ 0  0  0  0  0  1  0  0  0  0 ]
   [                              ] 
   [ 0  0  0  0  0  0  1  0  0  0 ]
   [                              ]
   [ 0  0  0  0  0  0  0  1  0  0 ]
   [                              ]
   [ 0  0  0  0  0  0  0  0  1  0 ]
   [                              ]
   [ 0  0  0  0  0  0  0  0  0  1 ]
   [                              ]
   [ 1  0  0  0  0  0  0  0  0  0 ]
                   10
  charpoly(C_n) = x   - 1 
  C_n^n = I_n verified. 
  C_n is orthogonal: C_n . C_n^T = I_n. 
  C_n . (1,...,1)^T - (1,...,1)^T = [ 0  0  0  0  0  0  0  0  0  0 ] 
                                                              (should be zero) 
  Projectors P_diag, P_perp: idempotent, orthogonal, complete. 
  dim(orthogonal complement of diagonal) = 9  = n - 1 
[n =  10 ] REAL-INVARIANT 2D SUBSPACES V_k of C_n: 
  V_ 1  (rotation angle 2 pi * 1 /n = 0.6283185307179586 ): 
    u_ 1  (cos) = [1.0, 0.8090169943749475, 0.3090169943749474, 
- 0.3090169943749473, - 0.8090169943749473, - 1.0, - 0.8090169943749476, 
- 0.3090169943749475, 0.3090169943749472, 0.8090169943749473] 
    w_ 1  (sin) = [0.0, 0.5877852522924731, 0.9510565162951535, 
0.9510565162951536, 0.5877852522924733, 0.0, - 0.587785252292473, 
- 0.9510565162951535, - 0.9510565162951536, - 0.5877852522924734] 
  V_ 2  (rotation angle 2 pi * 2 /n = 1.256637061435917 ): 
    u_ 2  (cos) = [1.0, 0.3090169943749474, - 0.8090169943749473, 
- 0.8090169943749476, 0.3090169943749472, 1.0, 0.3090169943749477, 
- 0.8090169943749472, - 0.8090169943749477, 0.309016994374947] 
    w_ 2  (sin) = [0.0, 0.9510565162951535, 0.5877852522924733, 
- 0.587785252292473, - 0.9510565162951536, 0.0, 0.9510565162951535, 
0.5877852522924734, - 0.5877852522924728, - 0.9510565162951538] 
  V_ 3  (rotation angle 2 pi * 3 /n = 1.884955592153875 ): 
    u_ 3  (cos) = [1.0, - 0.3090169943749473, - 0.8090169943749476, 
0.8090169943749473, 0.3090169943749477, - 1.0, 0.309016994374947, 
0.8090169943749477, - 0.8090169943749471, - 0.309016994374948] 
    w_ 3  (sin) = [0.0, 0.9510565162951536, - 0.587785252292473, 
- 0.5877852522924734, 0.9510565162951535, 0.0, - 0.9510565162951538, 
0.5877852522924727, 0.5877852522924736, - 0.9510565162951534] 
  V_ 4  (rotation angle 2 pi * 4 /n = 2.513274122871834 ): 
    u_ 4  (cos) = [1.0, - 0.8090169943749473, 0.3090169943749472, 
0.3090169943749477, - 0.8090169943749477, 1.0, - 0.8090169943749471, 
0.3090169943749468, 0.3090169943749482, - 0.8090169943749479] 
    w_ 4  (sin) = [0.0, 0.5877852522924733, - 0.9510565162951536, 
0.9510565162951535, - 0.5877852522924728, 0.0, 0.5877852522924736, 
- 0.9510565162951538, 0.9510565162951533, - 0.5877852522924725] 
  alternating-sign eigenvector (eigenvalue -1) = 
                                      [1, - 1, 1, - 1, 1, - 1, 1, - 1, 1, - 1] 
  Physical 2D plane E_|| recommended = V_1. 
  Perp subspace E_perp = (diagonal) + 3 * 2D pieces + 1 alternating direction 
                                                           =>  dim(E_perp) = 8 
                       9
  ||pi_perp(e_1)||^2 = --  (= (n-1)/n) 
                       10
------------------------------------------------------------ 
[n =  10 ] CA rule-count analysis (degree k = n): 
  Binary outer-totalistic n-neighbor rules = 4194304  (= 2^ 22 ) 
  Binary fully totalistic n-neighbor rules = 4096  (= 2^ 12 ) 
  Binary fully general    n-neighbor rules = 323170060713110073007148766886699\
519604441026697154840321303454275246551388678908931972014115229134636887179609\
218980194941195591504909210950881523864482831206308773673009960917501977503896\
521067960576383840675682767922186426197561618380943384761704705816458520363050\
428875758915410658086075523991239303855219143333896683424206849747865645694948\
561760353263220580778056593310261927084603141502585928641771167259436037184618\
573575983511523016459044036976132332872312271256847108202097251571017269313234\
696785425806566979350459972683529986382155251663894373355436021354332296046453\
18478604952148193555853611059596230656  (= 2^(2^ 11 )) 
  Reference: 4-OT = 1024 , 8-OT = 262144 
------------------------------------------------------------ 
[n =  10 ] Polygon geometry (side s = 1): 
                       1
  Circumradius R = ----------  ~ 1.618033988749895 
                         %pi
                   2 sin(---)
                         10
                       1
  Apothem      r = ----------  ~ 1.538841768587627 
                         %pi
                   2 tan(---)
                         10
                       %pi
                   tan(---)
                       10
  R/r            = --------  = sec(pi/n) = 1.051462224238267 
                       %pi
                   sin(---)
                       10
                         %pi
                   5 cot(---)
                         10
  Area A         = ----------  ~ 7.694208842938135 
                       2
  Diagonals (k-step chord lengths, unit side): 
    d[ 1 ] = 1  ~ 1.0 
                 %pi
             sin(---)
                  5
    d[ 2 ] = --------  ~ 1.902113032590307 
                 %pi
             sin(---)
                 10
                 3 %pi
             sin(-----)
                  10
    d[ 3 ] = ----------  ~ 2.618033988749895 
                  %pi
              sin(---)
                  10
                 2 %pi
             sin(-----)
                   5
    d[ 4 ] = ----------  ~ 3.077683537175253 
                  %pi
              sin(---)
                  10
                1
    d[ 5 ] = --------  ~ 3.23606797749979 
                 %pi
             sin(---)
                 10
                 3 %pi
             sin(-----)
                   5
    d[ 6 ] = ----------  ~ 3.077683537175253 
                  %pi
              sin(---)
                  10
                 7 %pi
             sin(-----)
                  10
    d[ 7 ] = ----------  ~ 2.618033988749895 
                  %pi
              sin(---)
                  10
                 4 %pi
             sin(-----)
                   5
    d[ 8 ] = ----------  ~ 1.902113032590307 
                  %pi
              sin(---)
                  10
                 9 %pi
             sin(-----)
                  10
    d[ 9 ] = ----------  ~ 1.0 
                  %pi
              sin(---)
                  10
------------------------------------------------------------ 
[n =  10 ] Dihedral group D_n symmetries: 
                                   [ 0  0 ]
  S0 . R . S0 - R^{-1} (symbolic): [      ] 
                                   [ 0  0 ]
  S R S = R^{-1} verified. 
  |D_n| = 20 
  Conjugacy classes (n even): 1 + (n-2)/2 + 1 + 2 = 8 
                        (sum of sizes 1 + (n-2)/2 * 2 + 1 + 2*(n/2) = 20 = 2n) 
  Irrep dim^2 sum (n even): 4 + 2(n-2) = 20 (should = 2n = 20 ) 
------------------------------------------------------------ 
[n =  10 ] Graph Laplacians (star and cycle): 
  Star K_{1, 10 }: spectrum = {0, 1 (multiplicity 9 ), 11 } 
  Spectral gap = 1 (positive => connected). 
  Cycle C_ 10  Laplacian eigenvalues = 2 - 2 cos(2 pi k/n): 
   [0.0, 0.3819660112501051, 1.381966011250105, 2.618033988749895, 
3.618033988749895, 4.0, 3.618033988749895, 2.618033988749895, 
1.381966011250105, 0.3819660112501053] 
  Spectral gap of C_ 10  = 0.3819660112501051 
  [n = 10 ] iteration complete. 
------------------------------------------------------------ 
[n =  10 ] Inflation / substitution system: 
                          [ 2  1 ]
  Substitution matrix M = [      ] 
                          [ 7  6 ]
  Initial vector v0 = [ 1  0 ] 
  depth = 1 : tile counts = [ 2  7 ]   total = 9 
  depth = 2 : tile counts = [ 11  56 ]   total = 67 
  depth = 3 : tile counts = [ 78  413 ]   total = 491 
  depth = 4 : tile counts = [ 569  3024 ]   total = 3593 
  depth = 5 : tile counts = [ 4162  22127 ]   total = 26289 
  depth = 6 : tile counts = [ 30451  161896 ]   total = 192347 
  Perron-Frobenius eigenvalue (inflation ratio) = 7.3166247903554 
  Tile-count growth rates (ratio at successive depths): 
   [7.444444444444445, 7.328358208955223, 7.317718940936864, 
                                         7.316726969106596, 7.316634333751759] 
  Converging to PF eigenvalue: 7.3166247903554 
  Tiles after 1 inflation step: 9 
  Fractal dimension estimate d_f = log(N)/log(lambda) = 1.104050217674653 
------------------------------------------------------------ 
[n =  10 ] Zeta functions and L-series: 
  Partial Riemann zeta(2) ( 40  terms) = 1.620243963006935   (exact pi^2/6 = 
                                                           1.644934066848226 ) 
  Partial Riemann zeta(3) ( 40  terms) = 1.201752118023676 
                                                    (Apery's constant ~ 1.202) 
  Partial Dedekind zeta_{Q(sqrt5)}(2) (primes <= 30) = 1.153470439104993 
  Partial Dedekind zeta_{Q(sqrt5)}(3) (primes <= 30) = 1.027407641683453 
  Ratio zeta_{Q(sqrt5)}(2) / zeta(2)^2 ~ (class number factor): 
    = 0.4393854233642092 
  Partial L(2, chi_5) ( 40  terms) = 0.7061989804245805 
  Partial L(3, chi_5) ( 40  terms) = 0.8548243026978557 
  Exact L(2, chi_5) = pi^2 / (5 sqrt(5)) ~ 0.8827642540746761 
  Functional equation (numerical check at s=0.7): 
    L(0.7) = 0.3154812660944506   L(0.3) = 0.140960360039939   ratio = 
                                                             2.238084990738273 
  Spectral zeta of C_ 10  at s=2: 15.26249999999999 
  Spectral zeta of C_ 10  at s=3: 36.81562499999998 
------------------------------------------------------------ 
[n =  10 ] Diffusion kernel and heat trace: 
  Heat trace Tr(e^{-t L}) for cycle C_ 10 : 
    t = 0.01 :  Tr = 9.802966956246099 
    t = 0.1 :  Tr = 8.269385516343294 
    t = 0.5 :  Tr = 4.65759607796191 
    t = 1.0 :  Tr = 3.085084042140032 
    t = 2.0 :  Tr = 2.070167125296116 
    t = 5.0 :  Tr = 1.298211123651013 
    t = 10.0 :  Tr = 1.043872502019411 
    t = 50.0 :  Tr = 1.000000010156485 
  Heat trace Tr(e^{-t L}) for star K_{1, 10 }: 
    t = 0.01 :  Tr = 10.80628263903904 
    t = 0.1 :  Tr = 9.476407846021717 
    t = 0.5 :  Tr = 6.462862708852165 
    t = 1.0 :  Tr = 4.310931672243772 
    t = 2.0 :  Tr = 2.218017549408461 
    t = 5.0 :  Tr = 1.060641522991769 
    t = 10.0 :  Tr = 1.000408599367862 
    t = 50.0 :  Tr = 1.0 
  Effective d_s from heat-trace slope (cycle C_ 10 ): 
    t in [ 0.01 , 0.1 ]:  d_s ~ 0.147768599281215 
    t in [ 0.1 , 0.5 ]:  d_s ~ 0.7133679990563635 
    t in [ 0.5 , 1.0 ]:  d_s ~ 1.188551477428731 
    t in [ 1.0 , 2.0 ]:  d_s ~ 1.151125098633515 
    t in [ 2.0 , 5.0 ]:  d_s ~ 1.01854589715767 
    t in [ 5.0 , 10.0 ]:  d_s ~ 0.6291590205212676 
    t in [ 10.0 , 50.0 ]:  d_s ~ 0.05335694780389519 
  Short-time heat-trace asymptotics (2D Weyl law): 
    Tr(e^{-tL}) ~ (4 pi t)^{-1} * A + (4 pi t)^{-1/2} * B/6 + ... 
    t = 0.01 :  Weyl leading term = 7.957747154594768 
    t = 0.05 :  Weyl leading term = 1.591549430918953 
    t = 0.1 :  Weyl leading term = 0.7957747154594768 
  Heat kernel K_t(x) on R^2 (Gaussian, d=2): 
    t = 0.1 :  K(0) = 0.7957747154594768   K(1) = 0.0653211664234246   K(2) = 
                                                          3.612811618862161E-5 
    t = 1.0 :  K(0) = 0.07957747154594767   K(1) = 0.06197499715482649   K(2) =
                                                           0.02927491576215958 
    t = 10.0 :  K(0) = 0.007957747154594767   K(1) = 0.007761269677291536 
                                                   K(2) = 0.007200467388746533 
  Spectral zeta of C_ 10  at s=1,2,3: 
    s = 1 :  zeta_L = 8.249999999999999 
    s = 2 :  zeta_L = 15.26249999999999 
    s = 3 :  zeta_L = 36.81562499999998 
------------------------------------------------------------ 
[n =  10 ] Acceptance-window (cut-and-project) geometry: 
  Acceptance window: regular  10 -gon in perp space 
  Unit-cell area A_cell ~ 7.694208842938135 
  Acceptance densities (rho = window inradius): 
    rho = 0.5 :  density = 0.105572809000084 
    rho = 1.0 :  density = 0.4222912360003363 
    rho = 1.5 :  density = 0.9501552810007569 
    rho = 2.0 :  density = 1.689164944001345 
  Window vertices (rho = 1): 
    v[ 0 ] = ( 1.0 , 0.0 ) 
    v[ 1 ] = ( 0.8090169943749475 , 0.5877852522924731 ) 
    v[ 2 ] = ( 0.3090169943749474 , 0.9510565162951535 ) 
    v[ 3 ] = ( - 0.3090169943749473 , 0.9510565162951536 ) 
    v[ 4 ] = ( - 0.8090169943749473 , 0.5877852522924733 ) 
    v[ 5 ] = ( - 1.0 , 0.0 ) 
    v[ 6 ] = ( - 0.8090169943749476 , - 0.587785252292473 ) 
    v[ 7 ] = ( - 0.3090169943749475 , - 0.9510565162951535 ) 
    v[ 8 ] = ( 0.3090169943749472 , - 0.9510565162951536 ) 
    v[ 9 ] = ( 0.8090169943749473 , - 0.5877852522924734 ) 
  Sample acceptance test (rho = 1, grid [-1.5, 1.5]^2, 20 x 20  grid): 
    Points inside window: 133 / 400   fraction = 0.3325 
    Expected fraction (A_window/A_box) = 0.3610218847032292 
------------------------------------------------------------ 
[n =  10 ] Substitution sequences and symbolic dynamics: 
  Fibonacci word (substitution a->ab, b->a): 
    depth = 0 : length = 1   word = a 
    depth = 1 : length = 2   word = ab 
    depth = 2 : length = 3   word = aba 
    depth = 3 : length = 5   word = abaab 
    depth = 4 : length = 8   word = abaababa 
    depth = 5 : length = 13   word = abaababaabaab 
    depth = 6 : length = 21   word = abaababaabaababaababa 
  At depth 6 : |a| = 13   |b| = 8   |a|/|b| = 1.625   phi = 1.618033988749895 
  a/b ratio converging to phi: OK 
  Fibonacci word is Sturmian: complexity p(n) = n + 1 
  (minimum complexity for an aperiodic sequence) 
  Thue-Morse sequence (first 16 terms): 
   [0, 1, 1, 0, 1, 0, 0, 1, 1, 0, 0, 1, 0, 1, 1, 0] 
  Rudin-Shapiro sequence (first 16 terms): 
   [1, 1, 1, - 1, 1, 1, - 1, 1, 1, 1, 1, - 1, - 1, - 1, 1, - 1] 
                                 [ 1  1 ]
  Fibonacci substitution matrix: [      ] 
                                 [ 1  0 ]
                              2
  Characteristic polynomial: x  - x - 1 
  Eigenvalues: phi = 1.618033988749895  and psi = - 0.6180339887498949 
                                                        (roots of x^2 - x - 1) 
  PF eigenvalue = 1.618033988749895  (expected phi = 1.618033988749895 ) 
============================================================ 
N_GON = 11 
============================================================ 
                                    9 %pi
Interior angle theta = (n-2)*pi/n = -----  = 147.2727272727272 deg 
                                     11
                                   2 %pi
Exterior angle = 2*pi/n          = -----  = 32.72727272727273 deg 
                                    11
Flat-vertex count k_flat = floor(2*pi/theta) = 2 
                                   4 %pi
Angular deficit at k_flat copies = -----  = 65.45454545454546 deg 
                                    11
                                      5 %pi
Angular excess at (k_flat+1) copies = -----  = 81.81818181818182 deg 
                                       11
Smallest k>0 with k*theta = (integer)*2*pi:  k = 22 ,  accumulating  9 
                                                                    full turns 
------------------------------------------------------------ 
[n =  11 ] Angle summary: 
                            9 %pi
  Interior angle  theta   = -----  = 2.57039398930074  rad = 147.2727272727272 
                             11
                                                                           deg 
                            2 %pi
  Exterior angle          = -----  = 0.5711986642890533  rad 
                             11
                            2 %pi
  Central angle           = -----  = 0.5711986642890533  rad 
                             11
  Sum of interior angles  = 9 %pi 
                            9 %pi
  Avg interior angle      = ----- 
                             11
[n =  11 ] k-copy vertex-loop accumulation: 
                9 %pi     9
  k = 1 : sum = -----  =  -- * 2pi  --  open 
                 11       22
                18 %pi     9
  k = 2 : sum = ------  =  -- * 2pi  --  open 
                  11       11
                27 %pi     27
  k = 3 : sum = ------  =  -- * 2pi  --  open 
                  11       22
                36 %pi     18
  k = 4 : sum = ------  =  -- * 2pi  --  open 
                  11       11
                45 %pi     45
  k = 5 : sum = ------  =  -- * 2pi  --  open 
                  11       22
                54 %pi     27
  k = 6 : sum = ------  =  -- * 2pi  --  open 
                  11       11
                63 %pi     63
  k = 7 : sum = ------  =  -- * 2pi  --  open 
                  11       22
                72 %pi     36
  k = 8 : sum = ------  =  -- * 2pi  --  open 
                  11       11
                81 %pi     81
  k = 9 : sum = ------  =  -- * 2pi  --  open 
                  11       22
                 90 %pi     45
  k = 10 : sum = ------  =  -- * 2pi  --  open 
                   11       11
                           9
  k = 11 : sum = 9 %pi  =  - * 2pi  --  open 
                           2
                 108 %pi     54
  k = 12 : sum = -------  =  -- * 2pi  --  open 
                   11        11
                 117 %pi     117
  k = 13 : sum = -------  =  --- * 2pi  --  open 
                   11        22
                 126 %pi     63
  k = 14 : sum = -------  =  -- * 2pi  --  open 
                   11        11
                 135 %pi     135
  k = 15 : sum = -------  =  --- * 2pi  --  open 
                   11        22
                 144 %pi     72
  k = 16 : sum = -------  =  -- * 2pi  --  open 
                   11        11
                 153 %pi     153
  k = 17 : sum = -------  =  --- * 2pi  --  open 
                   11        22
                 162 %pi     81
  k = 18 : sum = -------  =  -- * 2pi  --  open 
                   11        11
                 171 %pi     171
  k = 19 : sum = -------  =  --- * 2pi  --  open 
                   11        22
                 180 %pi     90
  k = 20 : sum = -------  =  -- * 2pi  --  open 
                   11        11
                 189 %pi     189
  k = 21 : sum = -------  =  --- * 2pi  --  open 
                   11        22
  k = 22 : sum = 18 %pi  =  9 * 2pi  --  CLOSES 
Smallest k with full closure: k = 22   (number of full turns = 9 ) 
------------------------------------------------------------ 
[n =  11 ] Cyclotomic / roots-of-unity structure: 
                                    10    9    8    7    6    5    4    3    2
  x^n - 1 factorization = (x - 1) (x   + x  + x  + x  + x  + x  + x  + x  + x
                                                                      + x + 1) 
  totient(n) = phi(n)   = 10   (degree of Q[zeta_n] over Q) 
  Real subfield degree  = 5   (degree of Q(zeta + zeta^{-1}) over Q) 
  Sum of all n-th roots (numeric) = 4.440892098500626E-16 
                                                       (expected 0 for n >= 2) 
  Sum of primitive n-th roots (numeric) = - 0.9999999999999996 
                                                        ,  Moebius mu(n) = - 1 
                        2 %pi
  2*cos(2*pi/n) = 2 cos(-----)  = 1.682507065662362 
                         11
                               (algebraic integer in real cyclotomic subfield) 
------------------------------------------------------------ 
[n =  11 ] Rotation matrix R (by exterior angle 2*pi/n): 
            [     2 %pi         2 %pi  ]
            [ cos(-----)  - sin(-----) ]
            [      11            11    ]
  Symbolic: [                          ] 
            [     2 %pi        2 %pi   ]
            [ sin(-----)   cos(-----)  ]
            [      11           11     ]
            [ 0.8412535328311812  - 0.5406408174555976 ]
  Numeric : [                                          ] 
            [ 0.5406408174555976   0.8412535328311812  ]
  det(R) = 1  (expected 1) 
                2 %pi
  tr(R) = 2 cos(-----)  = 2 cos(2*pi/n) = 1.682507065662362 
                 11
                 [   0.9999999999999716     6.146374487975636E-14 ]
  R^n  numeric = [                                                ] 
                 [ - 6.146374487975636E-14   0.9999999999999716   ]
                                                                  (expected I) 
[n =  11 ] R^k traces (should equal 2 cos(2 pi k/n)): 
  k = 1 : tr(R^k) = 1.682507065662362  ~ 2cos( 1 *2pi/n) = 1.682507065662362 
  k = 2 : tr(R^k) = 0.8308300260037731  ~ 2cos( 2 *2pi/n) = 0.8308300260037729 
  k = 3 : tr(R^k) = - 0.2846296765465705  ~ 2cos( 3 *2pi/n) = 
                                                            - 0.28462967654657 
  k = 4 : tr(R^k) = - 1.30972146789057  ~ 2cos( 4 *2pi/n) = - 1.30972146789057 
  k = 5 : tr(R^k) = - 1.918985947228996  ~ 2cos( 5 *2pi/n) = 
                                                           - 1.918985947228994 
  k = 6 : tr(R^k) = - 1.918985947228996  ~ 2cos( 6 *2pi/n) = 
                                                           - 1.918985947228995 
  k = 7 : tr(R^k) = - 1.309721467890568  ~ 2cos( 7 *2pi/n) = - 1.30972146789057
                                                                               
  k = 8 : tr(R^k) = - 0.2846296765465723  ~ 2cos( 8 *2pi/n) = 
                                                          - 0.2846296765465704 
  k = 9 : tr(R^k) = 0.8308300260037953  ~ 2cos( 9 *2pi/n) = 0.8308300260037737 
  k = 10 : tr(R^k) = 1.682507065662264  ~ 2cos( 10 *2pi/n) = 1.682507065662361 
  k = 11 : tr(R^k) = 1.999999999999943  ~ 2cos( 11 *2pi/n) = 2.0 
------------------------------------------------------------ 
[n =  11 ] PRIMARY BASIS VECTORS (unit circumradius, 
                            vertex 0 at top, CCW): 
  v[ 0 ] =  [0, 1]  ~  [0.0, 1.0] 
                 15 %pi       15 %pi
  v[ 1 ] =  [cos(------), sin(------)]  ~  
                   22           22
                                    [- 0.5406408174555972, 0.8412535328311814] 
                 19 %pi       19 %pi
  v[ 2 ] =  [cos(------), sin(------)]  ~  
                   22           22
                                    [- 0.9096319953545184, 0.4154150130018863] 
                 23 %pi       23 %pi
  v[ 3 ] =  [cos(------), sin(------)]  ~  
                   22           22
                                  [- 0.9898214418809328, - 0.1423148382732849] 
                 27 %pi       27 %pi
  v[ 4 ] =  [cos(------), sin(------)]  ~  
                   22           22
                                   [- 0.7557495743542584, - 0.654860733945285] 
                 31 %pi       31 %pi
  v[ 5 ] =  [cos(------), sin(------)]  ~  
                   22           22
                                  [- 0.2817325568414297, - 0.9594929736144974] 
                 35 %pi       35 %pi
  v[ 6 ] =  [cos(------), sin(------)]  ~  
                   22           22
                                    [0.2817325568414293, - 0.9594929736144975] 
                 39 %pi       39 %pi
  v[ 7 ] =  [cos(------), sin(------)]  ~  
                   22           22
                                    [0.7557495743542578, - 0.6548607339452856] 
                 43 %pi       43 %pi
  v[ 8 ] =  [cos(------), sin(------)]  ~  
                   22           22
                                    [0.9898214418809327, - 0.1423148382732853] 
                 47 %pi       47 %pi
  v[ 9 ] =  [cos(------), sin(------)]  ~  
                   22           22
                                       [0.9096319953545186, 0.415415013001886] 
                  51 %pi       51 %pi
  v[ 10 ] =  [cos(------), sin(------)]  ~  
                    22           22
                                      [0.5406408174555976, 0.8412535328311812] 
[n =  11 ] EDGE VECTORS e[k] = v[k] - v[k-1] (unit circumradius): 
  e[ 1 ] (numeric) =  [- 0.5406408174555972, - 0.1587464671688185] 
  e[ 2 ] (numeric) =  [- 0.3689911778989212, - 0.4258385198292951] 
  e[ 3 ] (numeric) =  [- 0.08018944652641436, - 0.5577298512751713] 
  e[ 4 ] (numeric) =  [0.2340718675266744, - 0.512545895672] 
  e[ 5 ] (numeric) =  [0.4740170175128286, - 0.3046322396692124] 
  e[ 6 ] (numeric) =  [0.563465113682859, - 1.110223024625156E-16] 
  e[ 7 ] (numeric) =  [0.4740170175128285, 0.3046322396692119] 
  e[ 8 ] (numeric) =  [0.2340718675266748, 0.5125458956720003] 
  e[ 9 ] (numeric) =  [- 0.08018944652641413, 0.5577298512751713] 
  e[ 10 ] (numeric) =  [- 0.368991177898921, 0.4258385198292952] 
  e[ 11 ] (numeric) =  [- 0.5406408174555976, 0.1587464671688188] 
                                                     %pi
[n =  11 ] Side length (unit circumradius) s = 2 sin(---)  = 0.5634651136828593
                                                     11
                                                                               
------------------------------------------------------------ 
[n =  11 ] Holonomy / spinor cover analysis: 
  Natural single-vortex fiber order = 22 
  Z_n single-vortex holonomy (n = 22 ) : 1 
  Required loop count to close fiber : 22 
[Anyonic case G = Z_n with n = 11 ]: 
  single-vortex holonomy = 1 
  loop order required    = 11  (expected 11 ) 
[n =  11 ] order(g, n) = n/gcd(g, n) check (g = 0..n-1): 
  All g in Z_n satisfy order(g) = n/gcd(g, n). 
[n =  11 ] Composite holonomy: Loop A = 3 , Loop B = 7 , Composite = 10 
                                                              , Sum mod n = 10 
------------------------------------------------------------ 
[n =  11 ] Cut-and-project ambient lattice Z^n: 
  C_n cyclic shift matrix: 
   [ 0  1  0  0  0  0  0  0  0  0  0 ]
   [                                 ]
   [ 0  0  1  0  0  0  0  0  0  0  0 ]
   [                                 ]
   [ 0  0  0  1  0  0  0  0  0  0  0 ]
   [                                 ]
   [ 0  0  0  0  1  0  0  0  0  0  0 ]
   [                                 ]
   [ 0  0  0  0  0  1  0  0  0  0  0 ]
   [                                 ]
   [ 0  0  0  0  0  0  1  0  0  0  0 ] 
   [                                 ]
   [ 0  0  0  0  0  0  0  1  0  0  0 ]
   [                                 ]
   [ 0  0  0  0  0  0  0  0  1  0  0 ]
   [                                 ]
   [ 0  0  0  0  0  0  0  0  0  1  0 ]
   [                                 ]
   [ 0  0  0  0  0  0  0  0  0  0  1 ]
   [                                 ]
   [ 1  0  0  0  0  0  0  0  0  0  0 ]
                       11
  charpoly(C_n) = 1 - x   
  C_n^n = I_n verified. 
  C_n is orthogonal: C_n . C_n^T = I_n. 
  C_n . (1,...,1)^T - (1,...,1)^T = [ 0  0  0  0  0  0  0  0  0  0  0 ] 
                                                              (should be zero) 
  Projectors P_diag, P_perp: idempotent, orthogonal, complete. 
  dim(orthogonal complement of diagonal) = 10  = n - 1 
[n =  11 ] REAL-INVARIANT 2D SUBSPACES V_k of C_n: 
  V_ 1  (rotation angle 2 pi * 1 /n = 0.5711986642890533 ): 
    u_ 1  (cos) = [1.0, 0.8412535328311812, 0.4154150130018864, 
- 0.142314838273285, - 0.654860733945285, - 0.9594929736144973, 
- 0.9594929736144975, - 0.6548607339452852, - 0.1423148382732852, 
0.4154150130018868, 0.8412535328311808] 
    w_ 1  (sin) = [0.0, 0.5406408174555976, 0.9096319953545183, 
0.9898214418809328, 0.7557495743542583, 0.28173255684143, 
- 0.2817325568414294, - 0.7557495743542582, - 0.9898214418809327, 
- 0.9096319953545182, - 0.5406408174555982] 
  V_ 2  (rotation angle 2 pi * 2 /n = 1.142397328578106 ): 
    u_ 2  (cos) = [1.0, 0.4154150130018864, - 0.654860733945285, 
- 0.9594929736144975, - 0.1423148382732852, 0.8412535328311808, 
0.8412535328311815, - 0.1423148382732847, - 0.9594929736144974, 
- 0.6548607339452844, 0.415415013001885] 
    w_ 2  (sin) = [0.0, 0.9096319953545183, 0.7557495743542583, 
- 0.2817325568414294, - 0.9898214418809327, - 0.5406408174555982, 
0.5406408174555971, 0.9898214418809328, 0.2817325568414299, 
- 0.7557495743542588, - 0.909631995354519] 
  V_ 3  (rotation angle 2 pi * 3 /n = 1.713595992867159 ): 
    u_ 3  (cos) = [1.0, - 0.142314838273285, - 0.9594929736144975, 
0.4154150130018868, 0.8412535328311815, - 0.6548607339452839, 
- 0.6548607339452844, 0.8412535328311811, 0.4154150130018875, 
- 0.9594929736144973, - 0.1423148382732883] 
    w_ 3  (sin) = [0.0, 0.9898214418809328, - 0.2817325568414294, 
- 0.9096319953545182, 0.5406408174555971, 0.7557495743542594, 
- 0.7557495743542588, - 0.5406408174555977, 0.9096319953545179, 
0.2817325568414301, - 0.9898214418809322] 
  V_ 4  (rotation angle 2 pi * 4 /n = 2.284794657156213 ): 
    u_ 4  (cos) = [1.0, - 0.654860733945285, - 0.1423148382732852, 
0.8412535328311815, - 0.9594929736144974, 0.415415013001885, 
0.4154150130018875, - 0.9594929736144976, 0.841253532831181, 
- 0.1423148382732869, - 0.6548607339452874] 
    w_ 4  (sin) = [0.0, 0.7557495743542583, - 0.9898214418809327, 
0.5406408174555971, 0.2817325568414299, - 0.909631995354519, 
0.9096319953545179, - 0.2817325568414289, - 0.5406408174555979, 
0.9898214418809325, - 0.7557495743542563] 
  V_ 5  (rotation angle 2 pi * 5 /n = 2.855993321445266 ): 
    u_ 5  (cos) = [1.0, - 0.9594929736144973, 0.8412535328311808, 
- 0.6548607339452839, 0.415415013001885, - 0.1423148382732854, 
- 0.1423148382732883, 0.4154150130018877, - 0.6548607339452874, 
0.8412535328311819, - 0.9594929736144973] 
    w_ 5  (sin) = [0.0, 0.28173255684143, - 0.5406408174555982, 
0.7557495743542594, - 0.909631995354519, 0.9898214418809327, 
- 0.9898214418809322, 0.9096319953545178, - 0.7557495743542563, 
0.5406408174555965, - 0.2817325568414301] 
  Physical 2D plane E_|| recommended = V_1. 
  Perp subspace E_perp = (diagonal) + 4 * 2D pieces + 0 alternating directions 
                                                           =>  dim(E_perp) = 9 
                       10
  ||pi_perp(e_1)||^2 = --  (= (n-1)/n) 
                       11
------------------------------------------------------------ 
[n =  11 ] CA rule-count analysis (degree k = n): 
  Binary outer-totalistic n-neighbor rules = 16777216  (= 2^ 24 ) 
  Binary fully totalistic n-neighbor rules = 8192  (= 2^ 13 ) 
  Binary fully general    n-neighbor rules = 104438888141315250669175271071662\
438257996424904738378038423348328395390797155745684882681193499755834089010671\
443926283798757343818579360726323608785136527794595697654370999834036159013438\
371831442807001185594622637631883939771274567233468434458661749680790870580370\
407128404874011860911446797778359802900668693897688178778594690563019026094059\
957945343282346930302669644305902501597239986771421554169383555988529148631823\
791443449673408781187263949647510018904134900841706167509366833385055103297208\
826955076998361636941193301521379682583718809183365675122131849284636812555022\
599830041234478486259567449219461702380650591324561082573183538008760862210283\
427019769820231316901767800667519548507992163641937028537512478401490715913545\
998279051339961155179427110683113409058427288427979155484978295432353451706522\
326906139490598769300212296339568778287894844061600741294567491982305057164237\
715481632138063104590291613692670834285644073044789997190178146576347322385026\
725305989979599609079946920177462481771844986745565925017832907047311943316555\
080756822184657174637329688491281952031745700244092661691087414838507841192980\
452298185733897764810312608590300130241346718972667321649151113160292078173803\
3436090243804708340403154190336  (= 2^(2^ 12 )) 
  Reference: 4-OT = 1024 , 8-OT = 262144 
------------------------------------------------------------ 
[n =  11 ] Polygon geometry (side s = 1): 
                       1
  Circumradius R = ----------  ~ 1.774732766442111 
                         %pi
                   2 sin(---)
                         11
                       1
  Apothem      r = ----------  ~ 1.702843619444624 
                         %pi
                   2 tan(---)
                         11
                       %pi
                   tan(---)
                       11
  R/r            = --------  = sec(pi/n) = 1.042217116226405 
                       %pi
                   sin(---)
                       11
                          %pi
                   11 cot(---)
                          11
  Area A         = -----------  ~ 9.365639906945436 
                        4
  Diagonals (k-step chord lengths, unit side): 
    d[ 1 ] = 1  ~ 1.0 
                 2 %pi
             sin(-----)
                  11
    d[ 2 ] = ----------  ~ 1.918985947228994 
                  %pi
              sin(---)
                  11
                 3 %pi
             sin(-----)
                  11
    d[ 3 ] = ----------  ~ 2.682507065662362 
                  %pi
              sin(---)
                  11
                 4 %pi
             sin(-----)
                  11
    d[ 4 ] = ----------  ~ 3.228707415119565 
                  %pi
              sin(---)
                  11
                 5 %pi
             sin(-----)
                  11
    d[ 5 ] = ----------  ~ 3.513337091666135 
                  %pi
              sin(---)
                  11
                 6 %pi
             sin(-----)
                  11
    d[ 6 ] = ----------  ~ 3.513337091666135 
                  %pi
              sin(---)
                  11
                 7 %pi
             sin(-----)
                  11
    d[ 7 ] = ----------  ~ 3.228707415119565 
                  %pi
              sin(---)
                  11
                 8 %pi
             sin(-----)
                  11
    d[ 8 ] = ----------  ~ 2.682507065662362 
                  %pi
              sin(---)
                  11
                 9 %pi
             sin(-----)
                  11
    d[ 9 ] = ----------  ~ 1.918985947228994 
                  %pi
              sin(---)
                  11
                  10 %pi
              sin(------)
                    11
    d[ 10 ] = -----------  ~ 1.000000000000001 
                   %pi
               sin(---)
                   11
------------------------------------------------------------ 
[n =  11 ] Dihedral group D_n symmetries: 
                                   [ 0  0 ]
  S0 . R . S0 - R^{-1} (symbolic): [      ] 
                                   [ 0  0 ]
  S R S = R^{-1} verified. 
  |D_n| = 22 
  Conjugacy classes (n odd): 1 + (n-1)/2 + 1 = 7 
                                  (sum of sizes 1 + (n-1)/2 * 2 + n = 22 = 2n) 
  Irrep dim^2 sum (n odd): 2 + 2(n-1) = 22 (should = 2n = 22 ) 
------------------------------------------------------------ 
[n =  11 ] Graph Laplacians (star and cycle): 
  Star K_{1, 11 }: spectrum = {0, 1 (multiplicity 10 ), 12 } 
  Spectral gap = 1 (positive => connected). 
  Cycle C_ 11  Laplacian eigenvalues = 2 - 2 cos(2 pi k/n): 
   [0.0, 0.3174929343376376, 1.169169973996227, 2.28462967654657, 
3.30972146789057, 3.918985947228994, 3.918985947228995, 3.30972146789057, 
2.28462967654657, 1.169169973996226, 0.3174929343376385] 
  Spectral gap of C_ 11  = 0.3174929343376376 
  [n = 11 ] iteration complete. 
------------------------------------------------------------ 
[n =  11 ] Inflation / substitution system: 
                          [ 2  1 ]
  Substitution matrix M = [      ] 
                          [ 8  7 ]
  Initial vector v0 = [ 1  0 ] 
  depth = 1 : tile counts = [ 2  8 ]   total = 10 
  depth = 2 : tile counts = [ 12  72 ]   total = 84 
  depth = 3 : tile counts = [ 96  600 ]   total = 696 
  depth = 4 : tile counts = [ 792  4968 ]   total = 5760 
  depth = 5 : tile counts = [ 6552  41112 ]   total = 47664 
  depth = 6 : tile counts = [ 54216  340200 ]   total = 394416 
  Perron-Frobenius eigenvalue (inflation ratio) = 8.274917217635375 
  Tile-count growth rates (ratio at successive depths): 
   [8.4, 8.285714285714287, 8.275862068965518, 8.275, 8.274924471299095] 
  Converging to PF eigenvalue: 8.274917217635375 
  Tiles after 1 inflation step: 10 
  Fractal dimension estimate d_f = log(N)/log(lambda) = 1.089605141280127 
------------------------------------------------------------ 
[n =  11 ] Zeta functions and L-series: 
  Partial Riemann zeta(2) ( 40  terms) = 1.620243963006935   (exact pi^2/6 = 
                                                           1.644934066848226 ) 
  Partial Riemann zeta(3) ( 40  terms) = 1.201752118023676 
                                                    (Apery's constant ~ 1.202) 
  Partial Dedekind zeta_{Q(sqrt5)}(2) (primes <= 30) = 1.153470439104993 
  Partial Dedekind zeta_{Q(sqrt5)}(3) (primes <= 30) = 1.027407641683453 
  Ratio zeta_{Q(sqrt5)}(2) / zeta(2)^2 ~ (class number factor): 
    = 0.4393854233642092 
  Partial L(2, chi_5) ( 40  terms) = 0.7061989804245805 
  Partial L(3, chi_5) ( 40  terms) = 0.8548243026978557 
  Exact L(2, chi_5) = pi^2 / (5 sqrt(5)) ~ 0.8827642540746761 
  Functional equation (numerical check at s=0.7): 
    L(0.7) = 0.3154812660944506   L(0.3) = 0.140960360039939   ratio = 
                                                             2.238084990738273 
  Spectral zeta of C_ 11  at s=2: 21.99999999999995 
  Spectral zeta of C_ 11  at s=3: 63.99999999999977 
------------------------------------------------------------ 
[n =  11 ] Diffusion kernel and heat trace: 
  Heat trace Tr(e^{-t L}) for cycle C_ 11 : 
    t = 0.01 :  Tr = 10.7832636518707 
    t = 0.1 :  Tr = 9.096324067977623 
    t = 0.5 :  Tr = 5.12335568363113 
    t = 1.0 :  Tr = 3.393591629140587 
    t = 2.0 :  Tr = 2.277049866690392 
    t = 5.0 :  Tr = 1.414692338865319 
    t = 10.0 :  Tr = 1.083610840571418 
    t = 50.0 :  Tr = 1.000000255128235 
  Heat trace Tr(e^{-t L}) for star K_{1, 11 }: 
    t = 0.01 :  Tr = 11.78741877420883 
    t = 0.1 :  Tr = 10.34956839227179 
    t = 0.5 :  Tr = 7.067785349303 
    t = 1.0 :  Tr = 4.678800555926776 
    t = 2.0 :  Tr = 2.353352832403878 
    t = 5.0 :  Tr = 1.067379469990854 
    t = 10.0 :  Tr = 1.000453999297625 
    t = 50.0 :  Tr = 1.0 
  Effective d_s from heat-trace slope (cycle C_ 11 ): 
    t in [ 0.01 , 0.1 ]:  d_s ~ 0.147768599281215 
    t in [ 0.1 , 0.5 ]:  d_s ~ 0.71336799957226 
    t in [ 0.5 , 1.0 ]:  d_s ~ 1.18855217106381 
    t in [ 1.0 , 2.0 ]:  d_s ~ 1.151294161880771 
    t in [ 2.0 , 5.0 ]:  d_s ~ 1.038903027970652 
    t in [ 5.0 , 10.0 ]:  d_s ~ 0.7692832090224274 
    t in [ 10.0 , 50.0 ]:  d_s ~ 0.09978462623369972 
  Short-time heat-trace asymptotics (2D Weyl law): 
    Tr(e^{-tL}) ~ (4 pi t)^{-1} * A + (4 pi t)^{-1/2} * B/6 + ... 
    t = 0.01 :  Weyl leading term = 7.957747154594768 
    t = 0.05 :  Weyl leading term = 1.591549430918953 
    t = 0.1 :  Weyl leading term = 0.7957747154594768 
  Heat kernel K_t(x) on R^2 (Gaussian, d=2): 
    t = 0.1 :  K(0) = 0.7957747154594768   K(1) = 0.0653211664234246   K(2) = 
                                                          3.612811618862161E-5 
    t = 1.0 :  K(0) = 0.07957747154594767   K(1) = 0.06197499715482649   K(2) =
                                                           0.02927491576215958 
    t = 10.0 :  K(0) = 0.007957747154594767   K(1) = 0.007761269677291536 
                                                   K(2) = 0.007200467388746533 
  Spectral zeta of C_ 11  at s=1,2,3: 
    s = 1 :  zeta_L = 9.999999999999993 
    s = 2 :  zeta_L = 21.99999999999995 
    s = 3 :  zeta_L = 63.99999999999977 
------------------------------------------------------------ 
[n =  11 ] Acceptance-window (cut-and-project) geometry: 
  Acceptance window: regular  11 -gon in perp space 
  Unit-cell area A_cell ~ 9.365639906945436 
  Acceptance densities (rho = window inradius): 
    rho = 0.5 :  density = 0.08621651735528474 
    rho = 1.0 :  density = 0.3448660694211389 
    rho = 1.5 :  density = 0.7759486561975626 
    rho = 2.0 :  density = 1.379464277684555 
  Window vertices (rho = 1): 
    v[ 0 ] = ( 1.0 , 0.0 ) 
    v[ 1 ] = ( 0.8412535328311812 , 0.5406408174555976 ) 
    v[ 2 ] = ( 0.4154150130018864 , 0.9096319953545183 ) 
    v[ 3 ] = ( - 0.142314838273285 , 0.9898214418809328 ) 
    v[ 4 ] = ( - 0.654860733945285 , 0.7557495743542583 ) 
    v[ 5 ] = ( - 0.9594929736144973 , 0.28173255684143 ) 
    v[ 6 ] = ( - 0.9594929736144975 , - 0.2817325568414294 ) 
    v[ 7 ] = ( - 0.6548607339452852 , - 0.7557495743542582 ) 
    v[ 8 ] = ( - 0.1423148382732852 , - 0.9898214418809327 ) 
    v[ 9 ] = ( 0.4154150130018868 , - 0.9096319953545182 ) 
    v[ 10 ] = ( 0.8412535328311808 , - 0.5406408174555982 ) 
  Sample acceptance test (rho = 1, grid [-1.5, 1.5]^2, 20 x 20  grid): 
    Points inside window: 135 / 400   fraction = 0.3375 
    Expected fraction (A_window/A_box) = 0.3588768247024482 
------------------------------------------------------------ 
[n =  11 ] Substitution sequences and symbolic dynamics: 
  Fibonacci word (substitution a->ab, b->a): 
    depth = 0 : length = 1   word = a 
    depth = 1 : length = 2   word = ab 
    depth = 2 : length = 3   word = aba 
    depth = 3 : length = 5   word = abaab 
    depth = 4 : length = 8   word = abaababa 
    depth = 5 : length = 13   word = abaababaabaab 
    depth = 6 : length = 21   word = abaababaabaababaababa 
  At depth 6 : |a| = 13   |b| = 8   |a|/|b| = 1.625   phi = 1.618033988749895 
  a/b ratio converging to phi: OK 
  Fibonacci word is Sturmian: complexity p(n) = n + 1 
  (minimum complexity for an aperiodic sequence) 
  Thue-Morse sequence (first 16 terms): 
   [0, 1, 1, 0, 1, 0, 0, 1, 1, 0, 0, 1, 0, 1, 1, 0] 
  Rudin-Shapiro sequence (first 16 terms): 
   [1, 1, 1, - 1, 1, 1, - 1, 1, 1, 1, 1, - 1, - 1, - 1, 1, - 1] 
                                 [ 1  1 ]
  Fibonacci substitution matrix: [      ] 
                                 [ 1  0 ]
                              2
  Characteristic polynomial: x  - x - 1 
  Eigenvalues: phi = 1.618033988749895  and psi = - 0.6180339887498949 
                                                        (roots of x^2 - x - 1) 
  PF eigenvalue = 1.618033988749895  (expected phi = 1.618033988749895 ) 
============================================================ 
N_GON = 12 
============================================================ 
                                    5 %pi
Interior angle theta = (n-2)*pi/n = -----  = 150.0 deg 
                                      6
                                   %pi
Exterior angle = 2*pi/n          = ---  = 30.0 deg 
                                    6
Flat-vertex count k_flat = floor(2*pi/theta) = 2 
                                   %pi
Angular deficit at k_flat copies = ---  = 60.0 deg 
                                    3
                                      %pi
Angular excess at (k_flat+1) copies = ---  = 90.0 deg 
                                       2
Smallest k>0 with k*theta = (integer)*2*pi:  k = 12 ,  accumulating  5 
                                                                    full turns 
------------------------------------------------------------ 
[n =  12 ] Angle summary: 
                            5 %pi
  Interior angle  theta   = -----  = 2.617993877991494  rad = 150.0  deg 
                              6
                            %pi
  Exterior angle          = ---  = 0.5235987755982988  rad 
                             6
                            %pi
  Central angle           = ---  = 0.5235987755982988  rad 
                             6
  Sum of interior angles  = 10 %pi 
                            5 %pi
  Avg interior angle      = ----- 
                              6
[n =  12 ] k-copy vertex-loop accumulation: 
                5 %pi     5
  k = 1 : sum = -----  =  -- * 2pi  --  open 
                  6       12
                5 %pi     5
  k = 2 : sum = -----  =  - * 2pi  --  open 
                  3       6
                5 %pi     5
  k = 3 : sum = -----  =  - * 2pi  --  open 
                  2       4
                10 %pi     5
  k = 4 : sum = ------  =  - * 2pi  --  open 
                  3        3
                25 %pi     25
  k = 5 : sum = ------  =  -- * 2pi  --  open 
                  6        12
                          5
  k = 6 : sum = 5 %pi  =  - * 2pi  --  open 
                          2
                35 %pi     35
  k = 7 : sum = ------  =  -- * 2pi  --  open 
                  6        12
                20 %pi     10
  k = 8 : sum = ------  =  -- * 2pi  --  open 
                  3        3
                15 %pi     15
  k = 9 : sum = ------  =  -- * 2pi  --  open 
                  2        4
                 25 %pi     25
  k = 10 : sum = ------  =  -- * 2pi  --  open 
                   3        6
                 55 %pi     55
  k = 11 : sum = ------  =  -- * 2pi  --  open 
                   6        12
  k = 12 : sum = 10 %pi  =  5 * 2pi  --  CLOSES 
                 65 %pi     65
  k = 13 : sum = ------  =  -- * 2pi  --  open 
                   6        12
                 35 %pi     35
  k = 14 : sum = ------  =  -- * 2pi  --  open 
                   3        6
                 25 %pi     25
  k = 15 : sum = ------  =  -- * 2pi  --  open 
                   2        4
                 40 %pi     20
  k = 16 : sum = ------  =  -- * 2pi  --  open 
                   3        3
                 85 %pi     85
  k = 17 : sum = ------  =  -- * 2pi  --  open 
                   6        12
                            15
  k = 18 : sum = 15 %pi  =  -- * 2pi  --  open 
                            2
                 95 %pi     95
  k = 19 : sum = ------  =  -- * 2pi  --  open 
                   6        12
                 50 %pi     25
  k = 20 : sum = ------  =  -- * 2pi  --  open 
                   3        3
                 35 %pi     35
  k = 21 : sum = ------  =  -- * 2pi  --  open 
                   2        4
                 55 %pi     55
  k = 22 : sum = ------  =  -- * 2pi  --  open 
                   3        6
                 115 %pi     115
  k = 23 : sum = -------  =  --- * 2pi  --  open 
                    6        12
  k = 24 : sum = 20 %pi  =  10 * 2pi  --  CLOSES 
Smallest k with full closure: k = 12   (number of full turns = 5 ) 
------------------------------------------------------------ 
[n =  12 ] Cyclotomic / roots-of-unity structure: 
                                            2        2            2
  x^n - 1 factorization = (x - 1) (x + 1) (x  + 1) (x  - x + 1) (x  + x + 1)
                                                                   4    2
                                                                 (x  - x  + 1) 
  totient(n) = phi(n)   = 4   (degree of Q[zeta_n] over Q) 
  Real subfield degree  = 2   (degree of Q(zeta + zeta^{-1}) over Q) 
  Sum of all n-th roots (numeric) = 0.0  (expected 0 for n >= 2) 
  Sum of primitive n-th roots (numeric) = 0.0 ,  Moebius mu(n) = 0 
  2*cos(2*pi/n) = sqrt(3)  = 1.732050807568877 
                               (algebraic integer in real cyclotomic subfield) 
------------------------------------------------------------ 
[n =  12 ] Rotation matrix R (by exterior angle 2*pi/n): 
            [ sqrt(3)      1   ]
            [ -------    - -   ]
            [    2         2   ]
  Symbolic: [                  ] 
            [    1     sqrt(3) ]
            [    -     ------- ]
            [    2        2    ]
            [ 0.8660254037844386        - 0.5        ]
  Numeric : [                                        ] 
            [        0.5          0.8660254037844386 ]
  det(R) = 1  (expected 1) 
  tr(R) = sqrt(3)  = 2 cos(2*pi/n) = 1.732050807568877 
                 [ 1.0  0.0 ]
  R^n  numeric = [          ]  (expected I) 
                 [ 0.0  1.0 ]
[n =  12 ] R^k traces (should equal 2 cos(2 pi k/n)): 
  k = 1 : tr(R^k) = 1.732050807568877  ~ 2cos( 1 *2pi/n) = 1.732050807568877 
  k = 2 : tr(R^k) = 1.0  ~ 2cos( 2 *2pi/n) = 1.0 
  k = 3 : tr(R^k) = 0.0  ~ 2cos( 3 *2pi/n) = 0.0 
  k = 4 : tr(R^k) = - 1.0  ~ 2cos( 4 *2pi/n) = - 1.0 
  k = 5 : tr(R^k) = - 1.732050807568877  ~ 2cos( 5 *2pi/n) = 
                                                           - 1.732050807568877 
  k = 6 : tr(R^k) = - 2.0  ~ 2cos( 6 *2pi/n) = - 2.0 
  k = 7 : tr(R^k) = - 1.732050807568877  ~ 2cos( 7 *2pi/n) = 
                                                           - 1.732050807568877 
  k = 8 : tr(R^k) = - 1.0  ~ 2cos( 8 *2pi/n) = - 1.0 
  k = 9 : tr(R^k) = 0.0  ~ 2cos( 9 *2pi/n) = 0.0 
  k = 10 : tr(R^k) = 1.0  ~ 2cos( 10 *2pi/n) = 1.0 
  k = 11 : tr(R^k) = 1.732050807568877  ~ 2cos( 11 *2pi/n) = 1.732050807568877 
  k = 12 : tr(R^k) = 2.0  ~ 2cos( 12 *2pi/n) = 2.0 
------------------------------------------------------------ 
[n =  12 ] PRIMARY BASIS VECTORS (unit circumradius, 
                            vertex 0 at top, CCW): 
  v[ 0 ] =  [0, 1]  ~  [0.0, 1.0] 
               1  sqrt(3)
  v[ 1 ] =  [- -, -------]  ~  [- 0.5, 0.8660254037844386] 
               2     2
               sqrt(3)  1
  v[ 2 ] =  [- -------, -]  ~  [- 0.8660254037844386, 0.5] 
                  2     2
  v[ 3 ] =  [- 1, 0]  ~  [- 1.0, 0.0] 
               sqrt(3)    1
  v[ 4 ] =  [- -------, - -]  ~  [- 0.8660254037844386, - 0.5] 
                  2       2
               1    sqrt(3)
  v[ 5 ] =  [- -, - -------]  ~  [- 0.5, - 0.8660254037844386] 
               2       2
  v[ 6 ] =  [0, - 1]  ~  [0.0, - 1.0] 
             1    sqrt(3)
  v[ 7 ] =  [-, - -------]  ~  [0.5, - 0.8660254037844386] 
             2       2
             sqrt(3)    1
  v[ 8 ] =  [-------, - -]  ~  [0.8660254037844386, - 0.5] 
                2       2
  v[ 9 ] =  [1, 0]  ~  [1.0, 0.0] 
              sqrt(3)  1
  v[ 10 ] =  [-------, -]  ~  [0.8660254037844386, 0.5] 
                 2     2
              1  sqrt(3)
  v[ 11 ] =  [-, -------]  ~  [0.5, 0.8660254037844386] 
              2     2
[n =  12 ] EDGE VECTORS e[k] = v[k] - v[k-1] (unit circumradius): 
  e[ 1 ] (numeric) =  [- 0.5, - 0.1339745962155614] 
  e[ 2 ] (numeric) =  [- 0.3660254037844386, - 0.3660254037844386] 
  e[ 3 ] (numeric) =  [- 0.1339745962155614, - 0.5] 
  e[ 4 ] (numeric) =  [0.1339745962155614, - 0.5] 
  e[ 5 ] (numeric) =  [0.3660254037844386, - 0.3660254037844386] 
  e[ 6 ] (numeric) =  [0.5, - 0.1339745962155614] 
  e[ 7 ] (numeric) =  [0.5, 0.1339745962155614] 
  e[ 8 ] (numeric) =  [0.3660254037844386, 0.3660254037844386] 
  e[ 9 ] (numeric) =  [0.1339745962155614, 0.5] 
  e[ 10 ] (numeric) =  [- 0.1339745962155614, 0.5] 
  e[ 11 ] (numeric) =  [- 0.3660254037844386, 0.3660254037844386] 
  e[ 12 ] (numeric) =  [- 0.5, 0.1339745962155614] 
                                                     %pi
[n =  12 ] Side length (unit circumradius) s = 2 sin(---)  = 0.5176380902050415
                                                     12
                                                                               
------------------------------------------------------------ 
[n =  12 ] Holonomy / spinor cover analysis: 
  Natural single-vortex fiber order = 12 
  Z_n single-vortex holonomy (n = 12 ) : 1 
  Required loop count to close fiber : 12 
[Anyonic case G = Z_n with n = 12 ]: 
  single-vortex holonomy = 1 
  loop order required    = 12  (expected 12 ) 
[n =  12 ] order(g, n) = n/gcd(g, n) check (g = 0..n-1): 
  All g in Z_n satisfy order(g) = n/gcd(g, n). 
[n =  12 ] Composite holonomy: Loop A = 3 , Loop B = 7 , Composite = 10 
                                                              , Sum mod n = 10 
------------------------------------------------------------ 
[n =  12 ] Cut-and-project ambient lattice Z^n: 
  C_n cyclic shift matrix: 
   [ 0  1  0  0  0  0  0  0  0  0  0  0 ]
   [                                    ]
   [ 0  0  1  0  0  0  0  0  0  0  0  0 ]
   [                                    ]
   [ 0  0  0  1  0  0  0  0  0  0  0  0 ]
   [                                    ]
   [ 0  0  0  0  1  0  0  0  0  0  0  0 ]
   [                                    ]
   [ 0  0  0  0  0  1  0  0  0  0  0  0 ]
   [                                    ]
   [ 0  0  0  0  0  0  1  0  0  0  0  0 ]
   [                                    ] 
   [ 0  0  0  0  0  0  0  1  0  0  0  0 ]
   [                                    ]
   [ 0  0  0  0  0  0  0  0  1  0  0  0 ]
   [                                    ]
   [ 0  0  0  0  0  0  0  0  0  1  0  0 ]
   [                                    ]
   [ 0  0  0  0  0  0  0  0  0  0  1  0 ]
   [                                    ]
   [ 0  0  0  0  0  0  0  0  0  0  0  1 ]
   [                                    ]
   [ 1  0  0  0  0  0  0  0  0  0  0  0 ]
                   12
  charpoly(C_n) = x   - 1 
  C_n^n = I_n verified. 
  C_n is orthogonal: C_n . C_n^T = I_n. 
  C_n . (1,...,1)^T - (1,...,1)^T = [ 0  0  0  0  0  0  0  0  0  0  0  0 ] 
                                                              (should be zero) 
  Projectors P_diag, P_perp: idempotent, orthogonal, complete. 
  dim(orthogonal complement of diagonal) = 11  = n - 1 
[n =  12 ] REAL-INVARIANT 2D SUBSPACES V_k of C_n: 
  V_ 1  (rotation angle 2 pi * 1 /n = 0.5235987755982988 ): 
    u_ 1  (cos) = [1.0, 0.8660254037844386, 0.5, 0.0, - 0.5, 
- 0.8660254037844386, - 1.0, - 0.8660254037844386, - 0.5, 0.0, 0.5, 
0.8660254037844386] 
    w_ 1  (sin) = [0.0, 0.5, 0.8660254037844386, 1.0, 0.8660254037844386, 0.5, 
         0.0, - 0.5, - 0.8660254037844386, - 1.0, - 0.8660254037844386, - 0.5] 
  V_ 2  (rotation angle 2 pi * 2 /n = 1.047197551196597 ): 
    u_ 2  (cos) = [1.0, 0.5, - 0.5, - 1.0, - 0.5, 0.5, 1.0, 0.5, - 0.5, - 1.0, 
                                                                   - 0.5, 0.5] 
    w_ 2  (sin) = [0.0, 0.8660254037844386, 0.8660254037844386, 0.0, 
- 0.8660254037844386, - 0.8660254037844386, 0.0, 0.8660254037844386, 
0.8660254037844386, 0.0, - 0.8660254037844386, - 0.8660254037844386] 
  V_ 3  (rotation angle 2 pi * 3 /n = 1.570796326794896 ): 
    u_ 3  (cos) = [1.0, 0.0, - 1.0, 0.0, 1.0, 0.0, - 1.0, 0.0, 1.0, 0.0, 
                                                                   - 1.0, 0.0] 
    w_ 3  (sin) = [0.0, 1.0, 0.0, - 1.0, 0.0, 1.0, 0.0, - 1.0, 0.0, 1.0, 0.0, 
                                                                        - 1.0] 
  V_ 4  (rotation angle 2 pi * 4 /n = 2.094395102393195 ): 
    u_ 4  (cos) = [1.0, - 0.5, - 0.5, 1.0, - 0.5, - 0.5, 1.0, - 0.5, - 0.5, 
                                                            1.0, - 0.5, - 0.5] 
    w_ 4  (sin) = [0.0, 0.8660254037844386, - 0.8660254037844386, 0.0, 
0.8660254037844386, - 0.8660254037844386, 0.0, 0.8660254037844386, 
- 0.8660254037844386, 0.0, 0.8660254037844386, - 0.8660254037844386] 
  V_ 5  (rotation angle 2 pi * 5 /n = 2.617993877991494 ): 
    u_ 5  (cos) = [1.0, - 0.8660254037844386, 0.5, 0.0, - 0.5, 
0.8660254037844386, - 1.0, 0.8660254037844386, - 0.5, 0.0, 0.5, 
- 0.8660254037844386] 
    w_ 5  (sin) = [0.0, 0.5, - 0.8660254037844386, 1.0, - 0.8660254037844386, 
        0.5, 0.0, - 0.5, 0.8660254037844386, - 1.0, 0.8660254037844386, - 0.5] 
  alternating-sign eigenvector (eigenvalue -1) = 
                              [1, - 1, 1, - 1, 1, - 1, 1, - 1, 1, - 1, 1, - 1] 
  Physical 2D plane E_|| recommended = V_1. 
  Perp subspace E_perp = (diagonal) + 4 * 2D pieces + 1 alternating direction 
                                                          =>  dim(E_perp) = 10 
                       11
  ||pi_perp(e_1)||^2 = --  (= (n-1)/n) 
                       12
------------------------------------------------------------ 
[n =  12 ] CA rule-count analysis (degree k = n): 
  Binary outer-totalistic n-neighbor rules = 67108864  (= 2^ 26 ) 
  Binary fully totalistic n-neighbor rules = 16384  (= 2^ 14 ) 
  Binary fully general    n-neighbor rules = 109074813561941592946298424473378\
286244826416199623269243183278618972133184911929521626423452520198722395729179\
615702527310987082017718406361097976507755479907890629884219298953860982522804\
820515969685161359163819677188654260932456012129055390188630101790025253579991\
720001007960002653583680090529780588095235050163019547565391100531236456001484\
742603529355124584392891875276869627934408805561751569434994540667782514081490\
061610592025643850457801332649356583604724240738244281224513151775751916489922\
636574372243227736807502762788304520650179276170094569916849725787968385173704\
999690096112051565505011556127149149251534210574896662954703278632150573082843\
022166497032439613863525162640951616800542762343599630892169144618118740639531\
066540488573943483287742816740749537099351186875635997039011702182361674945862\
096985700626361208270671540815706657513728102702231092756491027675916052087830\
463241104936456875492096732298245918476342738379027244843801852697776494107271\
561158043469082745933999196141424274141059911742606055648376375631452761136265\
862838336862115799363802087853767554533678991569423443395566631507008721353547\
025567031200413072549583450835743965382893607708097855057891296790735278005493\
562156109079584517295411597292747987752773856000820411855893000477774872776185\
381351049384058186159865221160596030835640594182118971403786872621948149872760\
365361629885617482241303348543878532402475141941718301228107820972930353737280\
457437209522870362277636394529086980625842235514850757103961938744962986680818\
876966281577815307939317909314364834076173858181956300299442279075495506128881\
830843007964869323217915876591803556521615711540299212027615560787310793747746\
684152836298770869945015203123186259420308569383894465706134623670423402682110\
295895495119708707654618662279629453645162075650935101890602377382153953277620\
867697858973196633030889330466516943618507835064156833694453005143749131129883\
436726523859540490427345592872394952522718461740436785475461047437701976802557\
660588103807727070771794222197709038543858584409549211609985253890397465570394\
397308609093059696336076752996493841459818570596375456149735582781362383328890\
630900428801732142480866396267133352800923275835087305961411872378142210146019\
861574738685509689608918918044133955852482286754111321263879367556765034036297\
003193002339782846531854723824423202801518968966041882297600081543761065225427\
016359565087543385114712321422726660540358178146909080657646895058766199718650\
5665475715792896  (= 2^(2^ 13 )) 
  Reference: 4-OT = 1024 , 8-OT = 262144 
------------------------------------------------------------ 
[n =  12 ] Polygon geometry (side s = 1): 
                       1
  Circumradius R = ----------  ~ 1.931851652578136 
                         %pi
                   2 sin(---)
                         12
                       1
  Apothem      r = ----------  ~ 1.866025403784438 
                         %pi
                   2 tan(---)
                         12
                       %pi
                   tan(---)
                       12
  R/r            = --------  = sec(pi/n) = 1.035276180410083 
                       %pi
                   sin(---)
                       12
                         %pi
  Area A         = 3 cot(---)  ~ 11.19615242270663 
                         12
  Diagonals (k-step chord lengths, unit side): 
    d[ 1 ] = 1  ~ 1.0 
                 1
    d[ 2 ] = ----------  ~ 1.931851652578136 
                   %pi
             2 sin(---)
                   12
                    1
    d[ 3 ] = ----------------  ~ 2.732050807568877 
                         %pi
             sqrt(2) sin(---)
                         12
              sqrt(3)
    d[ 4 ] = ----------  ~ 3.346065214951231 
                   %pi
             2 sin(---)
                   12
                 5 %pi
             sin(-----)
                  12
    d[ 5 ] = ----------  ~ 3.732050807568878 
                  %pi
              sin(---)
                  12
                1
    d[ 6 ] = --------  ~ 3.863703305156273 
                 %pi
             sin(---)
                 12
                 7 %pi
             sin(-----)
                  12
    d[ 7 ] = ----------  ~ 3.732050807568878 
                  %pi
              sin(---)
                  12
              sqrt(3)
    d[ 8 ] = ----------  ~ 3.346065214951231 
                   %pi
             2 sin(---)
                   12
                    1
    d[ 9 ] = ----------------  ~ 2.732050807568877 
                         %pi
             sqrt(2) sin(---)
                         12
                  1
    d[ 10 ] = ----------  ~ 1.931851652578136 
                    %pi
              2 sin(---)
                    12
                  11 %pi
              sin(------)
                    12
    d[ 11 ] = -----------  ~ 1.000000000000001 
                   %pi
               sin(---)
                   12
------------------------------------------------------------ 
[n =  12 ] Dihedral group D_n symmetries: 
                                   [ 0  0 ]
  S0 . R . S0 - R^{-1} (symbolic): [      ] 
                                   [ 0  0 ]
  S R S = R^{-1} verified. 
  |D_n| = 24 
  Conjugacy classes (n even): 1 + (n-2)/2 + 1 + 2 = 9 
                        (sum of sizes 1 + (n-2)/2 * 2 + 1 + 2*(n/2) = 24 = 2n) 
  Irrep dim^2 sum (n even): 4 + 2(n-2) = 24 (should = 2n = 24 ) 
------------------------------------------------------------ 
[n =  12 ] Graph Laplacians (star and cycle): 
  Star K_{1, 12 }: spectrum = {0, 1 (multiplicity 11 ), 13 } 
  Spectral gap = 1 (positive => connected). 
  Cycle C_ 12  Laplacian eigenvalues = 2 - 2 cos(2 pi k/n): 
   [0.0, 0.2679491924311228, 1.0, 2.0, 3.0, 3.732050807568877, 4.0, 
                         3.732050807568877, 3.0, 2.0, 1.0, 0.2679491924311228] 
  Spectral gap of C_ 12  = 0.2679491924311228 
  [n = 12 ] iteration complete. 
------------------------------------------------------------ 
[n =  12 ] Inflation / substitution system: 
                          [ 2  1 ]
  Substitution matrix M = [      ] 
                          [ 9  8 ]
  Initial vector v0 = [ 1  0 ] 
  depth = 1 : tile counts = [ 2  9 ]   total = 11 
  depth = 2 : tile counts = [ 13  90 ]   total = 103 
  depth = 3 : tile counts = [ 116  837 ]   total = 953 
  depth = 4 : tile counts = [ 1069  7740 ]   total = 8809 
  depth = 5 : tile counts = [ 9878  71541 ]   total = 81419 
  depth = 6 : tile counts = [ 91297  661230 ]   total = 752527 
  Perron-Frobenius eigenvalue (inflation ratio) = 9.242640687119286 
  Tile-count growth rates (ratio at successive depths): 
   [9.363636363636364, 9.25242718446602, 9.243441762854145, 9.24270632307867, 
                                                            9.242646065414708] 
  Converging to PF eigenvalue: 9.242640687119286 
  Tiles after 1 inflation step: 11 
  Fractal dimension estimate d_f = log(N)/log(lambda) = 1.078273889893818 
------------------------------------------------------------ 
[n =  12 ] Zeta functions and L-series: 
  Partial Riemann zeta(2) ( 40  terms) = 1.620243963006935   (exact pi^2/6 = 
                                                           1.644934066848226 ) 
  Partial Riemann zeta(3) ( 40  terms) = 1.201752118023676 
                                                    (Apery's constant ~ 1.202) 
  Partial Dedekind zeta_{Q(sqrt5)}(2) (primes <= 30) = 1.153470439104993 
  Partial Dedekind zeta_{Q(sqrt5)}(3) (primes <= 30) = 1.027407641683453 
  Ratio zeta_{Q(sqrt5)}(2) / zeta(2)^2 ~ (class number factor): 
    = 0.4393854233642092 
  Partial L(2, chi_5) ( 40  terms) = 0.7061989804245805 
  Partial L(3, chi_5) ( 40  terms) = 0.8548243026978557 
  Exact L(2, chi_5) = pi^2 / (5 sqrt(5)) ~ 0.8827642540746761 
  Functional equation (numerical check at s=0.7): 
    L(0.7) = 0.3154812660944506   L(0.3) = 0.140960360039939   ratio = 
                                                             2.238084990738273 
  Spectral zeta of C_ 12  at s=2: 30.7847222222222 
  Spectral zeta of C_ 12  at s=3: 106.3396990740739 
------------------------------------------------------------ 
[n =  12 ] Diffusion kernel and heat trace: 
  Heat trace Tr(e^{-t L}) for cycle C_ 12 : 
    t = 0.01 :  Tr = 11.76356034749532 
    t = 0.1 :  Tr = 9.923262619611953 
    t = 0.5 :  Tr = 5.589115291128273 
    t = 1.0 :  Tr = 3.702099877965575 
    t = 2.0 :  Tr = 2.484028150995885 
    t = 5.0 :  Tr = 1.53739171494153 
    t = 10.0 :  Tr = 1.13728680053607 
    t = 50.0 :  Tr = 1.000003037996089 
  Heat trace Tr(e^{-t L}) for star K_{1, 12 }: 
    t = 0.01 :  Tr = 12.76864360216141 
    t = 0.1 :  Tr = 11.22574339142956 
    t = 0.5 :  Tr = 7.673340696031945 
    t = 1.0 :  Tr = 5.046676113215272 
    t = 2.0 :  Tr = 2.488688115607849 
    t = 5.0 :  Tr = 1.07411741698994 
    t = 10.0 :  Tr = 1.000499399227387 
    t = 50.0 :  Tr = 1.0 
  Effective d_s from heat-trace slope (cycle C_ 12 ): 
    t in [ 0.01 , 0.1 ]:  d_s ~ 0.147768599281215 
    t in [ 0.1 , 0.5 ]:  d_s ~ 0.713367999595758 
    t in [ 0.5 , 1.0 ]:  d_s ~ 1.188552234215578 
    t in [ 1.0 , 2.0 ]:  d_s ~ 1.15132458878407 
    t in [ 2.0 , 5.0 ]:  d_s ~ 1.04725321632972 
    t in [ 5.0 , 10.0 ]:  d_s ~ 0.8697773609710744 
    t in [ 10.0 , 50.0 ]:  d_s ~ 0.15986001968841 
  Short-time heat-trace asymptotics (2D Weyl law): 
    Tr(e^{-tL}) ~ (4 pi t)^{-1} * A + (4 pi t)^{-1/2} * B/6 + ... 
    t = 0.01 :  Weyl leading term = 7.957747154594768 
    t = 0.05 :  Weyl leading term = 1.591549430918953 
    t = 0.1 :  Weyl leading term = 0.7957747154594768 
  Heat kernel K_t(x) on R^2 (Gaussian, d=2): 
    t = 0.1 :  K(0) = 0.7957747154594768   K(1) = 0.0653211664234246   K(2) = 
                                                          3.612811618862161E-5 
    t = 1.0 :  K(0) = 0.07957747154594767   K(1) = 0.06197499715482649   K(2) =
                                                           0.02927491576215958 
    t = 10.0 :  K(0) = 0.007957747154594767   K(1) = 0.007761269677291536 
                                                   K(2) = 0.007200467388746533 
  Spectral zeta of C_ 12  at s=1,2,3: 
    s = 1 :  zeta_L = 11.91666666666666 
    s = 2 :  zeta_L = 30.7847222222222 
    s = 3 :  zeta_L = 106.3396990740739 
------------------------------------------------------------ 
[n =  12 ] Acceptance-window (cut-and-project) geometry: 
  Acceptance window: regular  12 -gon in perp space 
  Unit-cell area A_cell ~ 11.19615242270663 
  Acceptance densities (rho = window inradius): 
    rho = 0.5 :  density = 0.07179676972449083 
    rho = 1.0 :  density = 0.2871870788979633 
    rho = 1.5 :  density = 0.6461709275204174 
    rho = 2.0 :  density = 1.148748315591853 
  Window vertices (rho = 1): 
    v[ 0 ] = ( 1.0 , 0.0 ) 
    v[ 1 ] = ( 0.8660254037844386 , 0.5 ) 
    v[ 2 ] = ( 0.5 , 0.8660254037844386 ) 
    v[ 3 ] = ( 0.0 , 1.0 ) 
    v[ 4 ] = ( - 0.5 , 0.8660254037844386 ) 
    v[ 5 ] = ( - 0.8660254037844386 , 0.5 ) 
    v[ 6 ] = ( - 1.0 , 0.0 ) 
    v[ 7 ] = ( - 0.8660254037844386 , - 0.5 ) 
    v[ 8 ] = ( - 0.5 , - 0.8660254037844386 ) 
    v[ 9 ] = ( 0.0 , - 1.0 ) 
    v[ 10 ] = ( 0.5 , - 0.8660254037844386 ) 
    v[ 11 ] = ( 0.8660254037844386 , - 0.5 ) 
  Sample acceptance test (rho = 1, grid [-1.5, 1.5]^2, 20 x 20  grid): 
    Points inside window: 137 / 400   fraction = 0.3425 
    Expected fraction (A_window/A_box) = 0.3572655899081636 
------------------------------------------------------------ 
[n =  12 ] Substitution sequences and symbolic dynamics: 
  Fibonacci word (substitution a->ab, b->a): 
    depth = 0 : length = 1   word = a 
    depth = 1 : length = 2   word = ab 
    depth = 2 : length = 3   word = aba 
    depth = 3 : length = 5   word = abaab 
    depth = 4 : length = 8   word = abaababa 
    depth = 5 : length = 13   word = abaababaabaab 
    depth = 6 : length = 21   word = abaababaabaababaababa 
  At depth 6 : |a| = 13   |b| = 8   |a|/|b| = 1.625   phi = 1.618033988749895 
  a/b ratio converging to phi: OK 
  Fibonacci word is Sturmian: complexity p(n) = n + 1 
  (minimum complexity for an aperiodic sequence) 
  Thue-Morse sequence (first 16 terms): 
   [0, 1, 1, 0, 1, 0, 0, 1, 1, 0, 0, 1, 0, 1, 1, 0] 
  Rudin-Shapiro sequence (first 16 terms): 
   [1, 1, 1, - 1, 1, 1, - 1, 1, 1, 1, 1, - 1, - 1, - 1, 1, - 1] 
                                 [ 1  1 ]
  Fibonacci substitution matrix: [      ] 
                                 [ 1  0 ]
                              2
  Characteristic polynomial: x  - x - 1 
  Eigenvalues: phi = 1.618033988749895  and psi = - 0.6180339887498949 
                                                        (roots of x^2 - x - 1) 
  PF eigenvalue = 1.618033988749895  (expected phi = 1.618033988749895 ) 
------------------------------------------------------------ 
[Pentagon-specific] Z[phi] integer arithmetic: 
  phi^2 = [1,1], phi^3 = [1,2] (Fibonacci pairs). 
  phi^n = [F_{n-1}, F_n] verified for n = 1..7. 
  Z[phi] norm formula N(a+b phi) = a^2 + ab - b^2 verified. 
  N(phi^n) = (-1)^n verified for n = 1..7 (phi^n a unit). 
------------------------------------------------------------ 
[Pentagon-specific] Extended Z[phi] number theory: 
  Z[phi] conjugate: conj(phi) = [1,-1] (= 1 - phi = -psi): [1, - 1] 
  Z[phi] division: phi^2 / phi = phi: 
    phi^2 / phi = [0, 1]  (expected [0,1] = phi) 
  Z[phi] division: phi^3 / phi^2 = phi: 
    phi^3 / phi^2 = [0, 1]  (expected [0,1] = phi) 
  Prime splitting in Z[phi] = Z[(1+sqrt5)/2]: 
    p = 2 : Legendre(5/p) = - 1  => inert   (p = +-2 mod 5) 
    p = 3 : Legendre(5/p) = - 1  => inert   (p = +-2 mod 5) 
    p = 5 : Legendre(5/p) = 0  => ramified (p=5) 
    p = 7 : Legendre(5/p) = - 1  => inert   (p = +-2 mod 5) 
    p = 11 : Legendre(5/p) = 1  => splits (p = +-1 mod 5) 
    p = 13 : Legendre(5/p) = - 1  => inert   (p = +-2 mod 5) 
    p = 17 : Legendre(5/p) = - 1  => inert   (p = +-2 mod 5) 
    p = 19 : Legendre(5/p) = 1  => splits (p = +-1 mod 5) 
    p = 23 : Legendre(5/p) = - 1  => inert   (p = +-2 mod 5) 
    p = 29 : Legendre(5/p) = 1  => splits (p = +-1 mod 5) 
    p = 31 : Legendre(5/p) = 1  => splits (p = +-1 mod 5) 
  Units in Z[phi] (phi^n for n = -3..3): 
                     1
    phi^ - 3  = -----------  ~  0.2360679774997897   N = - 1 
                sqrt(5) + 2
                     2
    phi^ - 2  = -----------  ~  0.3819660112501051   N = 1 
                sqrt(5) + 3
                     2
    phi^ - 1  = -----------  ~  0.6180339887498948   N = - 1 
                sqrt(5) + 1
    phi^ 0  = 1  ~  1.0   N = 1 
              sqrt(5) + 1
    phi^ 1  = -----------  ~  1.618033988749895   N = - 1 
                   2
              sqrt(5) + 3
    phi^ 2  = -----------  ~  2.618033988749895   N = 1 
                   2
    phi^ 3  = sqrt(5) + 2  ~  4.23606797749979   N = - 1 
  Continued fraction convergents of phi: 
    h_0/k_0 = 1/1 = 1.0 
    h_ 1 /k_ 1  = 1 / 2  = 0.5   error = 1.118033988749895 
    h_ 2 /k_ 2  = 2 / 3  = 0.6666666666666666   error = 0.9513673220832283 
    h_ 3 /k_ 3  = 3 / 5  = 0.6   error = 1.018033988749894 
    h_ 4 /k_ 4  = 5 / 8  = 0.625   error = 0.9930339887498949 
    h_ 5 /k_ 5  = 8 / 13  = 0.6153846153846154   error = 1.002649373365279 
    h_ 6 /k_ 6  = 13 / 21  = 0.6190476190476191   error = 0.9989863697022758 
    h_ 7 /k_ 7  = 21 / 34  = 0.6176470588235294   error = 1.000386929926365 
    h_ 8 /k_ 8  = 34 / 55  = 0.6181818181818182   error = 0.9998521705680767 
    h_ 9 /k_ 9  = 55 / 89  = 0.6179775280898876   error = 1.000056460660007 
    h_ 10 /k_ 10  = 89 / 144  = 0.6180555555555556   error = 0.9999784331943393
                                                                               
  Pisano periods pi(m) for m = 2..15: 
    pi( 2 ) = 12 
    pi( 3 ) = 16 
    pi( 4 ) = 24 
    pi( 5 ) = 20 
    pi( 6 ) = 24 
    pi( 7 ) = 32 
    pi( 8 ) = 48 
    pi( 9 ) = 48 
    pi( 10 ) = 60 
    pi( 11 ) = 60 
    pi( 12 ) = 72 
    pi( 13 ) = 56 
    pi( 14 ) = 48 
    pi( 15 ) = 80 
  Wall-Sun-Sun prime check (F_{p - (5/p)} mod p^2) for small primes: 
    p = 5 : F_{p-(5/p)} = F_ 5  mod p^2 = 5  
    p = 7 : F_{p-(5/p)} = F_ 8  mod p^2 = 21  
    p = 11 : F_{p-(5/p)} = F_ 10  mod p^2 = 55  
    p = 13 : F_{p-(5/p)} = F_ 14  mod p^2 = 39  
    p = 17 : F_{p-(5/p)} = F_ 18  mod p^2 = 272  
    p = 19 : F_{p-(5/p)} = F_ 18  mod p^2 = 57  
    p = 23 : F_{p-(5/p)} = F_ 24  mod p^2 = 345  
    p = 29 : F_{p-(5/p)} = F_ 28  mod p^2 = 754  
------------------------------------------------------------ 
SWEEP SUMMARY TABLE 
  Range: n = 3 to 12 step 1 
------------------------------------------------------------ 
------------------------------------------------------------ 
CROSS-SECTION CORRELATION TABLE 
  Columns: n | deficit | k_close | C_n_gap | HeatTr(t=1) | SpZeta(s=2) | WinAr\
ea 
------------------------------------------------------------ 
pad_right("n",4) | pad_right("deficit",9) | pad_right("k_close",8) | pad_right\
("C_n_gap",9) | pad_right("HeatTr1",9) | pad_right("SpZeta2",9) | pad_right("W\
inArea",9) 
----+-----------+---------+----------+----------+----------+---------- 
pad_right("3",4) | pad_right("0.0",9) | pad_right("6",8) | pad_right("3.0",9) \
| pad_right("1.099574136735727",9) | pad_right("0.2222222222222222",9) | pad_r\
ight("5.196152422706632",9) 
pad_right("4",4) | pad_right("0.0",9) | pad_right("4",8) | pad_right("2.0",9) \
| pad_right("1.288986205361959",9) | pad_right("0.5625",9) | pad_right("4.0",9)
 
pad_right("5",4) | pad_right("36.0",9) | pad_right("10",8) | pad_right("1.3819\
66011250105",9) | pad_right("1.555839632012999",9) | pad_right("1.199999999999\
999",9) | pad_right("3.632712640026804",9) 
pad_right("6",4) | pad_right("0.0",9) | pad_right("3",8) | pad_right("1.0",9) \
| pad_right("1.853648657967346",9) | pad_right("2.284722222222222",9) | pad_ri\
ght("3.464101615137755",9) 
pad_right("7",4) | pad_right("102.8571428571428",9) | pad_right("14",8) | pad_\
right("0.7530203962825328",9) | pad_right("2.159983880325649",9) | pad_right("\
3.999999999999998",9) | pad_right("3.3710223316527",9) 
pad_right("8",4) | pad_right("90.0",9) | pad_right("8",8) | pad_right("0.58578\
64376269049",9) | pad_right("2.468126559661773",9) | pad_right("6.562500000000\
002",9) | pad_right("3.31370849898476",9) 
pad_right("9",4) | pad_right("80.0",9) | pad_right("18",8) | pad_right("0.4679\
11113762044",9) | pad_right("2.776582318726744",9) | pad_right("10.22222222222\
221",9) | pad_right("3.275732108395821",9) 
pad_right("10",4) | pad_right("72.0",9) | pad_right("5",8) | pad_right("0.3819\
660112501051",9) | pad_right("3.085084042140032",9) | pad_right("15.2624999999\
9999",9) | pad_right("3.249196962329063",9) 
pad_right("11",4) | pad_right("65.45454545454546",9) | pad_right("22",8) | pad\
_right("0.3174929343376376",9) | pad_right("3.393591629140587",9) | pad_right(\
"21.99999999999995",9) | pad_right("3.229891422322034",9) 
pad_right("12",4) | pad_right("60.0",9) | pad_right("12",8) | pad_right("0.267\
9491924311228",9) | pad_right("3.702099877965575",9) | pad_right("30.784722222\
2222",9) | pad_right("3.215390309173472",9) 
------------------------------------------------------------ 
Correlation analysis: deficit angle vs C_n spectral gap: 
  mean deficit = 50.63116883116883  deg 
  mean C_n gap = 1.015609209694045 
  Pearson r(deficit, C_n_gap) = - 0.7455326586736167 
Correlation: k_close vs heat trace Tr(e^{-L}) at t=1: 
  mean k_close = 10.2 
  mean HeatTr  = 2.338351694003839 
  Pearson r(k_close, HeatTr1) = 0.5661014396665099 
pad_right("n",4) | pad_right("theta(deg)",12) | pad_right("k_flat",7) | pad_ri\
ght("deficit(deg)",13) | pad_right("k_close",8) | pad_right("turns",6) | pad_r\
ight("phi(n)",7) | pad_right("Area",8) | pad_right("R",8) | pad_right("OT_rule\
s",12) | pad_right("C_n_gap",9) 
----+-------------+--------+--------------+---------+-------+--------+--------\
-+---------+-------------+---------- 
pad_right("3",4) | pad_right("60.0",12) | pad_right("6",7) | pad_right("0.0",1\
3) | pad_right("6",8) | pad_right("1",6) | pad_right("2",7) | pad_right("0.433\
0127018922193",8) | pad_right("0.5773502691896258",8) | pad_right("256",12) | \
pad_right("3.0",9) 
pad_right("4",4) | pad_right("90.0",12) | pad_right("4",7) | pad_right("0.0",1\
3) | pad_right("4",8) | pad_right("1",6) | pad_right("2",7) | pad_right("1.0",\
8) | pad_right("0.7071067811865475",8) | pad_right("1024",12) | pad_right("2.0\
",9) 
pad_right("5",4) | pad_right("108.0",12) | pad_right("3",7) | pad_right("36.0"\
,13) | pad_right("10",8) | pad_right("3",6) | pad_right("4",7) | pad_right("1.\
720477400588967",8) | pad_right("0.8506508083520399",8) | pad_right("4096",12)\
 | pad_right("1.381966011250105",9) 
pad_right("6",4) | pad_right("120.0",12) | pad_right("3",7) | pad_right("0.0",\
13) | pad_right("3",8) | pad_right("1",6) | pad_right("2",7) | pad_right("2.59\
8076211353315",8) | pad_right("1.0",8) | pad_right("16384",12) | pad_right("1.\
0",9) 
pad_right("7",4) | pad_right("128.5714285714285",12) | pad_right("2",7) | pad_\
right("102.8571428571428",13) | pad_right("14",8) | pad_right("5",6) | pad_rig\
ht("6",7) | pad_right("3.633912444001589",8) | pad_right("1.152382435481243",8\
) | pad_right("65536",12) | pad_right("0.7530203962825328",9) 
pad_right("8",4) | pad_right("135.0",12) | pad_right("2",7) | pad_right("90.0"\
,13) | pad_right("8",8) | pad_right("3",6) | pad_right("4",7) | pad_right("4.8\
2842712474619",8) | pad_right("1.306562964876376",8) | pad_right("262144",12) \
| pad_right("0.5857864376269049",9) 
pad_right("9",4) | pad_right("140.0",12) | pad_right("2",7) | pad_right("80.0"\
,13) | pad_right("18",8) | pad_right("7",6) | pad_right("6",7) | pad_right("6.\
181824193772901",8) | pad_right("1.461902200081543",8) | pad_right("1048576",1\
2) | pad_right("0.467911113762044",9) 
pad_right("10",4) | pad_right("144.0",12) | pad_right("2",7) | pad_right("72.0\
",13) | pad_right("5",8) | pad_right("2",6) | pad_right("4",7) | pad_right("7.\
694208842938135",8) | pad_right("1.618033988749895",8) | pad_right("4194304",1\
2) | pad_right("0.3819660112501051",9) 
pad_right("11",4) | pad_right("147.2727272727272",12) | pad_right("2",7) | pad\
_right("65.45454545454546",13) | pad_right("22",8) | pad_right("9",6) | pad_ri\
ght("10",7) | pad_right("9.365639906945436",8) | pad_right("1.774732766442111"\
,8) | pad_right("16777216",12) | pad_right("0.3174929343376376",9) 
pad_right("12",4) | pad_right("150.0",12) | pad_right("2",7) | pad_right("60.0\
",13) | pad_right("12",8) | pad_right("5",6) | pad_right("4",7) | pad_right("1\
1.19615242270663",8) | pad_right("1.931851652578136",8) | pad_right("67108864"\
,12) | pad_right("0.2679491924311228",9) 
------------------------------------------------------------ 
Summary of verified identities and structural facts: 
 [Generalized, swept over n = 3 to 12 ] 
  * Interior angle theta = (n-2) pi / n 
  * Exterior angle = central angle = 2 pi / n 
  * Flat-vertex count k_flat = floor(2 pi / theta) 
  * Loop-closure index k_loop = 2n / gcd(2n, n-2) 
  * R(2 pi/n)^n = I; det R = 1; tr R = 2 cos(2 pi / n) 
  * R^k traces matched 2 cos(2 pi k/n) for k = 1..n 
  * Primary basis vectors v[k] = (cos, sin)(pi/2 + 2 pi k/n) 
  * Edge vectors e[k] computed and reported 
  * Side length s = 2 sin(pi/n) (unit circumradius) 
  * Z_n holonomy: order(g) = n/gcd(g,n) 
  * Z_2 (spinor) and Z_n (anyonic) cases both verified 
  * Alexander-Orbach: d_spec = 2 d_eff / d_w (n-independent) 
  * charpoly(C_n) divides x^n - 1; C_n is orthogonal 
  * Real-invariant 2D subspaces V_k of C_n enumerated 
  * Projectors P_diag, P_perp idempotent, orthogonal, complete 
  * dim(E_perp) = n - 2 (after taking V_1 as physical plane) 
  * Outer-totalistic n-neighbor binary rule count = 2^(2(n+1)) 
  * Diagonals d[k] = sin(k pi/n)/sin(pi/n) 
  * Area A = (n/4) cot(pi/n) 
  * Dihedral D_n: |D_n| = 2n, S R S = R^{-1} 
  * D_n irrep dim^2 sum = 2n (case n even / n odd) 
  * Star K_{1,n} Laplacian spectrum = {0, 1 x n, n+1} 
  * Cycle C_n Laplacian eigenvalues = 2 - 2 cos(2 pi k/n) 
 [Pentagon-specific benchmarks verified] 
  * phi^2 = phi + 1; phi*(phi-1) = 1; 1/phi = phi - 1 
  * Fibonacci recursion phi^n = F_n phi + F_{n-1} 
  * Binet formula F_n = (phi^n - psi^n)/sqrt(5) 
  * Pentagon diagonal/side = phi 
  * Pentagram self-similarity: 1/phi^2 = 2 - phi 
  * Z[phi] arithmetic, N(phi^n) = (-1)^n 
 [Extended sections verified] 
  * Alexander-Orbach phase diagram (d_eff x d_w grid) 
  * Anomalous diffusion classification by d_w 
  * Crossover scale t_cross from UV to IR regime 
  * Multifractal tau(q) spectrum (monofractal baseline) 
  * Flat U(1) holonomy phases and Aharonov-Bohm phases 
  * Monodromy matrices and loop orders for n=3,4,5,6 
  * Berry phases and Chern numbers for Z_n sectors 
  * Inflation/substitution matrices and PF eigenvalues 
  * Pentagon inflation ratio = phi^2 confirmed 
  * Dedekind zeta and Dirichlet L(s,chi_5) partial sums 
  * Spectral zeta of C_n at s=1,2,3 
  * Heat trace Tr(e^{-tL}) for cycle and star graphs 
  * Effective spectral dimension from heat-trace slope 
  * Acceptance-window geometry and density 
  * Pentagon window inflation: radius -> 1/phi 
  * Fibonacci word: length = F_k, a/b ratio -> phi 
  * Fibonacci substitution charpoly = x^2 - x - 1 
  * Thue-Morse and Rudin-Shapiro sequences generated 
  * Z[phi] division, conjugate, GCD 
  * Prime splitting in Z[phi] by Legendre symbol 
  * Continued fraction convergents of phi 
  * Pisano periods pi(m) for m=2..15 
  * Wall-Sun-Sun prime check for small primes 
  * Cross-section correlation table (20 columns) 
  * Pearson correlations: deficit/gap, k_close/HeatTr 
============================================================ 
analysis.mac : all checks passed for n = 3 to 12 step 1 
============================================================ 
